Año;Mes;Glosa;Índice;Variación Mensual (%)
2009;12;Alimentos;42,65;
2009;12;Bienes;60,18;
2009;12;Energía;52,35;
2009;12;Frutas y verduras frescas;34,65;
2009;12;IPC General menos alimentos y energía;62,98;
2009;12;No Transables;54,22;
2009;12;Servicios;54,42;
2009;12;Transables;59,51;
2010;1;Alimentos;42,39;-0,6
2010;1;Bienes;59,82;-0,6
2010;1;Energía;52,72;0,7
2010;1;Frutas y verduras frescas;33,16;-4,3
2010;1;IPC General menos alimentos y energía;63,48;0,8
2010;1;No Transables;55,3;2
2010;1;Servicios;55,45;1,9
2010;1;Transables;59,21;-0,5
2010;2;Alimentos;42,31;-0,2
2010;2;Bienes;60,06;0,4
2010;2;Energía;53,77;2
2010;2;Frutas y verduras frescas;31,44;-5,2
2010;2;IPC General menos alimentos y energía;63,61;0,2
2010;2;No Transables;55,52;0,4
2010;2;Servicios;55,56;0,2
2010;2;Transables;59,33;0,2
2010;3;Alimentos;42,69;0,9
2010;3;Bienes;60,18;0,2
2010;3;Energía;53,82;0,1
2010;3;Frutas y verduras frescas;32,07;2
2010;3;IPC General menos alimentos y energía;63,55;-0,1
2010;3;No Transables;55,52;0
2010;3;Servicios;55,56;0
2010;3;Transables;59,39;0,1
2010;4;Alimentos;42,6;-0,2
2010;4;Bienes;60,48;0,5
2010;4;Energía;55,92;3,9
2010;4;Frutas y verduras frescas;31,14;-2,9
2010;4;IPC General menos alimentos y energía;63,68;0,2
2010;4;No Transables;55,8;0,5
2010;4;Servicios;55,78;0,4
2010;4;Transables;59,63;0,4
2010;5;Alimentos;42,86;0,6
2010;5;Bienes;60,6;0,2
2010;5;Energía;56,87;1,7
2010;5;Frutas y verduras frescas;31,64;1,6
2010;5;IPC General menos alimentos y energía;63,74;0,1
2010;5;No Transables;56,02;0,4
2010;5;Servicios;56,11;0,6
2010;5;Transables;59,87;0,4
2010;6;Alimentos;43,03;0,4
2010;6;Bienes;60,42;-0,3
2010;6;Energía;55,39;-2,6
2010;6;Frutas y verduras frescas;31,32;-1
2010;6;IPC General menos alimentos y energía;63,87;0,2
2010;6;No Transables;56,36;0,6
2010;6;Servicios;56,33;0,4
2010;6;Transables;59,63;-0,4
2010;7;Alimentos;43,46;1
2010;7;Bienes;60,3;-0,2
2010;7;Energía;55,5;0,2
2010;7;Frutas y verduras frescas;32,13;2,6
2010;7;IPC General menos alimentos y energía;64,25;0,6
2010;7;No Transables;57,37;1,8
2010;7;Servicios;57,29;1,7
2010;7;Transables;59,45;-0,3
2010;8;Alimentos;43,98;1,2
2010;8;Bienes;60,42;0,2
2010;8;Energía;56,44;1,7
2010;8;Frutas y verduras frescas;33,8;5,2
2010;8;IPC General menos alimentos y energía;63,8;-0,7
2010;8;No Transables;56,85;-0,9
2010;8;Servicios;57,06;-0,4
2010;8;Transables;59,81;0,6
2010;9;Alimentos;44,6;1,4
2010;9;Bienes;60,6;0,3
2010;9;Energía;55,76;-1,2
2010;9;Frutas y verduras frescas;35,29;4,4
2010;9;IPC General menos alimentos y energía;63,99;0,3
2010;9;No Transables;57,19;0,6
2010;9;Servicios;57,35;0,5
2010;9;Transables;59,99;0,3
2010;10;Alimentos;44,96;0,8
2010;10;Bienes;60,66;0,1
2010;10;Energía;56,26;0,9
2010;10;Frutas y verduras frescas;36,56;3,6
2010;10;IPC General menos alimentos y energía;63,86;-0,2
2010;10;No Transables;57,19;0
2010;10;Servicios;57,41;0,1
2010;10;Transables;60,05;0,1
2010;11;Alimentos;45;0,1
2010;11;Bienes;60,66;0
2010;11;Energía;57,5;2,2
2010;11;Frutas y verduras frescas;35,83;-2
2010;11;IPC General menos alimentos y energía;63,73;-0,2
2010;11;No Transables;57,25;0,1
2010;11;Servicios;57,47;0,1
2010;11;Transables;60,05;0
2010;12;Alimentos;45,04;0,1
2010;12;Bienes;60,48;-0,3
2010;12;Energía;57,5;0
2010;12;Frutas y verduras frescas;34,18;-4,6
2010;12;IPC General menos alimentos y energía;63,79;0,1
2010;12;No Transables;57,65;0,7
2010;12;Servicios;57,87;0,7
2010;12;Transables;59,81;-0,4
2011;1;Alimentos;44,68;-0,8
2011;1;Bienes;60,54;0,1
2011;1;Energía;59,46;3,4
2011;1;Frutas y verduras frescas;32,16;-5,9
2011;1;IPC General menos alimentos y energía;63,85;0,1
2011;1;No Transables;57,88;0,4
2011;1;Servicios;58,16;0,5
2011;1;Transables;59,93;0,2
2011;2;Alimentos;44,68;0
2011;2;Bienes;60,72;0,3
2011;2;Energía;59,46;0
2011;2;Frutas y verduras frescas;31,81;-1,1
2011;2;IPC General menos alimentos y energía;64,04;0,3
2011;2;No Transables;58,11;0,4
2011;2;Servicios;58,28;0,2
2011;2;Transables;59,99;0,1
2011;3;Alimentos;45,26;1,3
2011;3;Bienes;61,21;0,8
2011;3;Energía;61,07;2,7
2011;3;Frutas y verduras frescas;33,78;6,2
2011;3;IPC General menos alimentos y energía;64,3;0,4
2011;3;No Transables;58,57;0,8
2011;3;Servicios;58,69;0,7
2011;3;Transables;60,41;0,7
2011;4;Alimentos;45,58;0,7
2011;4;Bienes;61,39;0,3
2011;4;Energía;62,29;2
2011;4;Frutas y verduras frescas;33,41;-1,1
2011;4;IPC General menos alimentos y energía;64,3;0
2011;4;No Transables;58,69;0,2
2011;4;Servicios;58,87;0,3
2011;4;Transables;60,65;0,4
2011;5;Alimentos;46,04;1
2011;5;Bienes;61,7;0,5
2011;5;Energía;62,98;1,1
2011;5;Frutas y verduras frescas;34,21;2,4
2011;5;IPC General menos alimentos y energía;64,36;0,1
2011;5;No Transables;58,92;0,4
2011;5;Servicios;59,05;0,3
2011;5;Transables;60,89;0,4
2011;6;Alimentos;46,32;0,6
2011;6;Bienes;61,58;-0,2
2011;6;Energía;63,61;1
2011;6;Frutas y verduras frescas;34,76;1,6
2011;6;IPC General menos alimentos y energía;64,3;-0,1
2011;6;No Transables;59,1;0,3
2011;6;Servicios;59,4;0,6
2011;6;Transables;60,89;0
2011;7;Alimentos;46,41;0,2
2011;7;Bienes;61,52;-0,1
2011;7;Energía;63,8;0,3
2011;7;Frutas y verduras frescas;34,55;-0,6
2011;7;IPC General menos alimentos y energía;64,36;0,1
2011;7;No Transables;59,34;0,4
2011;7;Servicios;59,64;0,4
2011;7;Transables;60,83;-0,1
2011;8;Alimentos;46,64;0,5
2011;8;Bienes;61,64;0,2
2011;8;Energía;63,67;-0,2
2011;8;Frutas y verduras frescas;34,34;-0,6
2011;8;IPC General menos alimentos y energía;64,42;0,1
2011;8;No Transables;59,46;0,2
2011;8;Servicios;59,76;0,2
2011;8;Transables;60,89;0,1
2011;9;Alimentos;47,2;1,2
2011;9;Bienes;62,07;0,7
2011;9;Energía;63,67;0
2011;9;Frutas y verduras frescas;36,64;6,7
2011;9;IPC General menos alimentos y energía;64,68;0,4
2011;9;No Transables;59,64;0,3
2011;9;Servicios;59,88;0,2
2011;9;Transables;61,32;0,7
2011;10;Alimentos;47,91;1,5
2011;10;Bienes;62,5;0,7
2011;10;Energía;64,24;0,9
2011;10;Frutas y verduras frescas;37,26;1,7
2011;10;IPC General menos alimentos y energía;64,74;0,1
2011;10;No Transables;59,82;0,3
2011;10;Servicios;60;0,2
2011;10;Transables;61,69;0,6
2011;11;Alimentos;48,58;1,4
2011;11;Bienes;62,75;0,4
2011;11;Energía;64,05;-0,3
2011;11;Frutas y verduras frescas;39,46;5,9
2011;11;IPC General menos alimentos y energía;64,8;0,1
2011;11;No Transables;60;0,3
2011;11;Servicios;60,12;0,2
2011;11;Transables;61,94;0,4
2011;12;Alimentos;48,92;0,7
2011;12;Bienes;62,81;0,1
2011;12;Energía;64,11;0,1
2011;12;Frutas y verduras frescas;39,66;0,5
2011;12;IPC General menos alimentos y energía;65,19;0,6
2011;12;No Transables;60,66;1,1
2011;12;Servicios;60,84;1,2
2011;12;Transables;62,06;0,2
2012;1;Alimentos;48,68;-0,5
2012;1;Bienes;62,94;0,2
2012;1;Energía;63,73;-0,6
2012;1;Frutas y verduras frescas;38,95;-1,8
2012;1;IPC General menos alimentos y energía;65,45;0,4
2012;1;No Transables;60,84;0,3
2012;1;Servicios;60,84;0
2012;1;Transables;62;-0,1
2012;2;Alimentos;49,07;0,8
2012;2;Bienes;63,13;0,3
2012;2;Energía;63,16;-0,9
2012;2;Frutas y verduras frescas;39,5;1,4
2012;2;IPC General menos alimentos y energía;65,78;0,5
2012;2;No Transables;61,27;0,7
2012;2;Servicios;61,14;0,5
2012;2;Transables;62,12;0,2
2012;3;Alimentos;49,71;1,3
2012;3;Bienes;63,45;0,5
2012;3;Energía;62,78;-0,6
2012;3;Frutas y verduras frescas;41;3,8
2012;3;IPC General menos alimentos y energía;65,71;-0,1
2012;3;No Transables;61,33;0,1
2012;3;Servicios;61,02;-0,2
2012;3;Transables;62,24;0,2
2012;4;Alimentos;49,46;-0,5
2012;4;Bienes;63,58;0,2
2012;4;Energía;62,97;0,3
2012;4;Frutas y verduras frescas;39,89;-2,7
2012;4;IPC General menos alimentos y energía;65,84;0,2
2012;4;No Transables;61,64;0,5
2012;4;Servicios;60,96;-0,1
2012;4;Transables;62,05;-0,3
2012;5;Alimentos;49,16;-0,6
2012;5;Bienes;63,2;-0,6
2012;5;Energía;63,91;1,5
2012;5;Frutas y verduras frescas;38,85;-2,6
2012;5;IPC General menos alimentos y energía;65,84;0
2012;5;No Transables;61,7;0,1
2012;5;Servicios;61,45;0,8
2012;5;Transables;62,05;0
2012;6;Alimentos;49,01;-0,3
2012;6;Bienes;62,76;-0,7
2012;6;Energía;62,06;-2,9
2012;6;Frutas y verduras frescas;38,77;-0,2
2012;6;IPC General menos alimentos y energía;65,91;0,1
2012;6;No Transables;61,95;0,4
2012;6;Servicios;61,57;0,2
2012;6;Transables;61,55;-0,8
2012;7;Alimentos;49,45;0,9
2012;7;Bienes;62,57;-0,3
2012;7;Energía;60,57;-2,4
2012;7;Frutas y verduras frescas;40,32;4
2012;7;IPC General menos alimentos y energía;65,98;0,1
2012;7;No Transables;62,26;0,5
2012;7;Servicios;61,82;0,4
2012;7;Transables;61,24;-0,5
2012;8;Alimentos;49,99;1,1
2012;8;Bienes;63,07;0,8
2012;8;Energía;62,39;3
2012;8;Frutas y verduras frescas;41,77;3,6
2012;8;IPC General menos alimentos y energía;65,72;-0,4
2012;8;No Transables;62,01;-0,4
2012;8;Servicios;61,57;-0,4
2012;8;Transables;61,73;0,8
2012;9;Alimentos;51,14;2,3
2012;9;Bienes;64,02;1,5
2012;9;Energía;62,27;-0,2
2012;9;Frutas y verduras frescas;44,86;7,4
2012;9;IPC General menos alimentos y energía;66,05;0,5
2012;9;No Transables;62,32;0,5
2012;9;Servicios;61,51;-0,1
2012;9;Transables;62,35;1
2012;10;Alimentos;52,26;2,2
2012;10;Bienes;64,4;0,6
2012;10;Energía;62,95;1,1
2012;10;Frutas y verduras frescas;49,03;9,3
2012;10;IPC General menos alimentos y energía;66,05;0
2012;10;No Transables;62,51;0,3
2012;10;Servicios;61,82;0,5
2012;10;Transables;62,85;0,8
2012;11;Alimentos;51,89;-0,7
2012;11;Bienes;63,88;-0,8
2012;11;Energía;60,94;-3,2
2012;11;Frutas y verduras frescas;47,71;-2,7
2012;11;IPC General menos alimentos y energía;66,05;0
2012;11;No Transables;62,64;0,2
2012;11;Servicios;61,82;0
2012;11;Transables;62,28;-0,9
2012;12;Alimentos;51,27;-1,2
2012;12;Bienes;63,37;-0,8
2012;12;Energía;61;0,1
2012;12;Frutas y verduras frescas;44,13;-7,5
2012;12;IPC General menos alimentos y energía;66,25;0,3
2012;12;No Transables;63,14;0,8
2012;12;Servicios;62,31;0,8
2012;12;Transables;61,84;-0,7
2013;1;Alimentos;51,32;0,1
2013;1;Bienes;63,56;0,3
2013;1;Energía;62,1;1,8
2013;1;Frutas y verduras frescas;43,51;-1,4
2013;1;IPC General menos alimentos y energía;66,25;0
2013;1;No Transables;63,08;-0,1
2013;1;Servicios;62,31;0
2013;1;Transables;62,09;0,4
2013;2;Alimentos;50,96;-0,7
2013;2;Bienes;63,56;0
2013;2;Energía;63,28;1,9
2013;2;Frutas y verduras frescas;41,81;-3,9
2013;2;IPC General menos alimentos y energía;66,32;0,1
2013;2;No Transables;63,33;0,4
2013;2;Servicios;62,5;0,3
2013;2;Transables;62,03;-0,1
2013;3;Alimentos;51,32;0,7
2013;3;Bienes;63,88;0,5
2013;3;Energía;63,66;0,6
2013;3;Frutas y verduras frescas;42,81;2,4
2013;3;IPC General menos alimentos y energía;66,52;0,3
2013;3;No Transables;63,65;0,5
2013;3;Servicios;62,69;0,3
2013;3;Transables;62,22;0,3
2013;4;Alimentos;51,42;0,2
2013;4;Bienes;63,56;-0,5
2013;4;Energía;60,86;-4,4
2013;4;Frutas y verduras frescas;42,98;0,4
2013;4;IPC General menos alimentos y energía;66,45;-0,1
2013;4;No Transables;63,65;0
2013;4;Servicios;62,38;-0,5
2013;4;Transables;61,66;-0,9
2013;5;Alimentos;51,63;0,4
2013;5;Bienes;63,43;-0,2
2013;5;Energía;59,83;-1,7
2013;5;Frutas y verduras frescas;43,37;0,9
2013;5;IPC General menos alimentos y energía;66,52;0,1
2013;5;No Transables;63,84;0,3
2013;5;Servicios;62,5;0,2
2013;5;Transables;61,48;-0,3
2013;6;Alimentos;52,2;1,1
2013;6;Bienes;63,75;0,5
2013;6;Energía;62,58;4,6
2013;6;Frutas y verduras frescas;45,8;5,6
2013;6;IPC General menos alimentos y energía;66,52;0
2013;6;No Transables;63,97;0,2
2013;6;Servicios;63;0,8
2013;6;Transables;62,09;1
2013;7;Alimentos;52,36;0,3
2013;7;Bienes;63,75;0
2013;7;Energía;63,14;0,9
2013;7;Frutas y verduras frescas;46,62;1,8
2013;7;IPC General menos alimentos y energía;66,65;0,2
2013;7;No Transables;64,29;0,5
2013;7;Servicios;63,32;0,5
2013;7;Transables;62,15;0,1
2013;8;Alimentos;52,62;0,5
2013;8;Bienes;64,07;0,5
2013;8;Energía;64,47;2,1
2013;8;Frutas y verduras frescas;46,76;0,3
2013;8;IPC General menos alimentos y energía;66,58;-0,1
2013;8;No Transables;64,23;-0,1
2013;8;Servicios;63,26;-0,1
2013;8;Transables;62,46;0,5
2013;9;Alimentos;52,83;0,4
2013;9;Bienes;64,39;0,5
2013;9;Energía;64,15;-0,5
2013;9;Frutas y verduras frescas;47,27;1,1
2013;9;IPC General menos alimentos y energía;67,05;0,7
2013;9;No Transables;64,62;0,6
2013;9;Servicios;63,64;0,6
2013;9;Transables;62,77;0,5
2013;10;Alimentos;53,78;1,8
2013;10;Bienes;64,45;0,1
2013;10;Energía;61,97;-3,4
2013;10;Frutas y verduras frescas;50,3;6,4
2013;10;IPC General menos alimentos y energía;67,12;0,1
2013;10;No Transables;64,75;0,2
2013;10;Servicios;63,7;0,1
2013;10;Transables;62,83;0,1
2013;11;Alimentos;54,26;0,9
2013;11;Bienes;64,71;0,4
2013;11;Energía;61,85;-0,2
2013;11;Frutas y verduras frescas;52,46;4,3
2013;11;IPC General menos alimentos y energía;67,32;0,3
2013;11;No Transables;65,01;0,4
2013;11;Servicios;63,89;0,3
2013;11;Transables;63,08;0,4
2013;12;Alimentos;53,83;-0,8
2013;12;Bienes;64,9;0,3
2013;12;Energía;64,32;4
2013;12;Frutas y verduras frescas;49,57;-5,5
2013;12;IPC General menos alimentos y energía;67,72;0,6
2013;12;No Transables;65,6;0,9
2013;12;Servicios;64,46;0,9
2013;12;Transables;63,33;0,4
2014;1;Alimentos;53,61;-0,4
2014;1;Bienes;64,84;-0,1
2014;1;Energía;64,83;0,8
2014;1;Frutas y verduras frescas;48,08;-3
2014;1;IPC General menos alimentos y energía;67,92;0,3
2014;1;No Transables;65,93;0,5
2014;1;Servicios;64,78;0,5
2014;1;Transables;63,33;0
2014;2;Alimentos;53,82;0,4
2014;2;Bienes;65,16;0,5
2014;2;Energía;66;1,8
2014;2;Frutas y verduras frescas;47,79;-0,6
2014;2;IPC General menos alimentos y energía;68,12;0,3
2014;2;No Transables;66,19;0,4
2014;2;Servicios;65,04;0,4
2014;2;Transables;63,65;0,5
2014;3;Alimentos;54,25;0,8
2014;3;Bienes;65,75;0,9
2014;3;Energía;67,06;1,6
2014;3;Frutas y verduras frescas;48,79;2,1
2014;3;IPC General menos alimentos y energía;68,66;0,8
2014;3;No Transables;66,72;0,8
2014;3;Servicios;65,56;0,8
2014;3;Transables;64,22;0,9
2014;4;Alimentos;54,74;0,9
2014;4;Bienes;66,01;0,4
2014;4;Energía;66,32;-1,1
2014;4;Frutas y verduras frescas;49,23;0,9
2014;4;IPC General menos alimentos y energía;69,21;0,8
2014;4;No Transables;67,32;0,9
2014;4;Servicios;66,08;0,8
2014;4;Transables;64,48;0,4
2014;5;Alimentos;55,01;0,5
2014;5;Bienes;66,41;0,6
2014;5;Energía;67,18;1,3
2014;5;Frutas y verduras frescas;48,98;-0,5
2014;5;IPC General menos alimentos y energía;69,35;0,2
2014;5;No Transables;67,39;0,1
2014;5;Servicios;66,15;0,1
2014;5;Transables;64,8;0,5
2014;6;Alimentos;55,18;0,3
2014;6;Bienes;66,34;-0,1
2014;6;Energía;67,18;0
2014;6;Frutas y verduras frescas;48,59;-0,8
2014;6;IPC General menos alimentos y energía;69,35;0
2014;6;No Transables;67,52;0,2
2014;6;Servicios;66,28;0,2
2014;6;Transables;64,74;-0,1
2014;7;Alimentos;55,68;0,9
2014;7;Bienes;66,47;0,2
2014;7;Energía;67,92;1,1
2014;7;Frutas y verduras frescas;48,69;0,2
2014;7;IPC General menos alimentos y energía;69,35;0
2014;7;No Transables;67,72;0,3
2014;7;Servicios;66,48;0,3
2014;7;Transables;64,87;0,2
2014;8;Alimentos;56,18;0,9
2014;8;Bienes;66,74;0,4
2014;8;Energía;67,17;-1,1
2014;8;Frutas y verduras frescas;49,81;2,3
2014;8;IPC General menos alimentos y energía;69,63;0,4
2014;8;No Transables;67,86;0,2
2014;8;Servicios;66,61;0,2
2014;8;Transables;65,13;0,4
2014;9;Alimentos;57,36;2,1
2014;9;Bienes;67,54;1,2
2014;9;Energía;67,57;0,6
2014;9;Frutas y verduras frescas;53,25;6,9
2014;9;IPC General menos alimentos y energía;69,98;0,5
2014;9;No Transables;68,13;0,4
2014;9;Servicios;66,88;0,4
2014;9;Transables;65,91;1,2
2014;10;Alimentos;59,31;3,4
2014;10;Bienes;68,62;1,6
2014;10;Energía;67,77;0,3
2014;10;Frutas y verduras frescas;58,84;10,5
2014;10;IPC General menos alimentos y energía;70,33;0,5
2014;10;No Transables;68,4;0,4
2014;10;Servicios;67,15;0,4
2014;10;Transables;66,9;1,5
2014;11;Alimentos;59,01;-0,5
2014;11;Bienes;68,21;-0,6
2014;11;Energía;66,89;-1,3
2014;11;Frutas y verduras frescas;58,43;-0,7
2014;11;IPC General menos alimentos y energía;70,54;0,3
2014;11;No Transables;68,74;0,5
2014;11;Servicios;67,62;0,7
2014;11;Transables;66,7;-0,3
2014;12;Alimentos;58,66;-0,6
2014;12;Bienes;67,39;-1,2
2014;12;Energía;63,01;-5,8
2014;12;Frutas y verduras frescas;55,51;-5
2014;12;IPC General menos alimentos y energía;70,75;0,3
2014;12;No Transables;69,15;0,6
2014;12;Servicios;67,96;0,5
2014;12;Transables;65,9;-1,2
2015;1;Alimentos;58,72;0,1
2015;1;Bienes;67,19;-0,3
2015;1;Energía;59,54;-5,5
2015;1;Frutas y verduras frescas;55,51;0
2015;1;IPC General menos alimentos y energía;71,25;0,7
2015;1;No Transables;69,5;0,5
2015;1;Servicios;68,3;0,5
2015;1;Transables;65,7;-0,3
2015;2;Alimentos;58,6;-0,2
2015;2;Bienes;67,32;0,2
2015;2;Energía;61,15;2,7
2015;2;Frutas y verduras frescas;53,07;-4,4
2015;2;IPC General menos alimentos y energía;71,46;0,3
2015;2;No Transables;69,64;0,2
2015;2;Servicios;68,64;0,5
2015;2;Transables;66,03;0,5
2015;3;Alimentos;58,66;0,1
2015;3;Bienes;67,72;0,6
2015;3;Energía;61,94;1,3
2015;3;Frutas y verduras frescas;54,24;2,2
2015;3;IPC General menos alimentos y energía;71,96;0,7
2015;3;No Transables;70,2;0,8
2015;3;Servicios;69,12;0,7
2015;3;Transables;66,36;0,5
2015;4;Alimentos;59,13;0,8
2015;4;Bienes;68,19;0,7
2015;4;Energía;62,62;1,1
2015;4;Frutas y verduras frescas;54,08;-0,3
2015;4;IPC General menos alimentos y energía;72,25;0,4
2015;4;No Transables;70,55;0,5
2015;4;Servicios;69,4;0,4
2015;4;Transables;66,82;0,7
2015;5;Alimentos;59,25;0,2
2015;5;Bienes;68,39;0,3
2015;5;Energía;63;0,6
2015;5;Frutas y verduras frescas;54,89;1,5
2015;5;IPC General menos alimentos y energía;72,32;0,1
2015;5;No Transables;70,55;0
2015;5;Servicios;69,4;0
2015;5;Transables;67,02;0,3
2015;6;Alimentos;59,37;0,2
2015;6;Bienes;68,6;0,3
2015;6;Energía;64,13;1,8
2015;6;Frutas y verduras frescas;54,94;0,1
2015;6;IPC General menos alimentos y energía;72,61;0,4
2015;6;No Transables;70,9;0,5
2015;6;Servicios;69,89;0,7
2015;6;Transables;67,36;0,5
2015;7;Alimentos;59,9;0,9
2015;7;Bienes;68,94;0,5
2015;7;Energía;65,35;1,9
2015;7;Frutas y verduras frescas;54,99;0,1
2015;7;IPC General menos alimentos y energía;72,68;0,1
2015;7;No Transables;71,11;0,3
2015;7;Servicios;70,1;0,3
2015;7;Transables;67,7;0,5
2015;8;Alimentos;60,8;1,5
2015;8;Bienes;69,7;1,1
2015;8;Energía;66,13;1,2
2015;8;Frutas y verduras frescas;58,4;6,2
2015;8;IPC General menos alimentos y energía;72,97;0,4
2015;8;No Transables;71,25;0,2
2015;8;Servicios;70,24;0,2
2015;8;Transables;68,44;1,1
2015;9;Alimentos;61,47;1,1
2015;9;Bienes;70,12;0,6
2015;9;Energía;65,73;-0,6
2015;9;Frutas y verduras frescas;61,85;5,9
2015;9;IPC General menos alimentos y energía;73,33;0,5
2015;9;No Transables;71,54;0,4
2015;9;Servicios;70,52;0,4
2015;9;Transables;68,85;0,6
2015;10;Alimentos;61,96;0,8
2015;10;Bienes;70,47;0,5
2015;10;Energía;65,2;-0,8
2015;10;Frutas y verduras frescas;62,72;1,4
2015;10;IPC General menos alimentos y energía;73,62;0,4
2015;10;No Transables;71,75;0,3
2015;10;Servicios;70,73;0,3
2015;10;Transables;69,19;0,5
2015;11;Alimentos;61,77;-0,3
2015;11;Bienes;70,26;-0,3
2015;11;Energía;64,42;-1,2
2015;11;Frutas y verduras frescas;63,1;0,6
2015;11;IPC General menos alimentos y energía;73,77;0,2
2015;11;No Transables;71,97;0,3
2015;11;Servicios;70,94;0,3
2015;11;Transables;68,98;-0,3
2015;12;Alimentos;61,4;-0,6
2015;12;Bienes;69,98;-0,4
2015;12;Energía;63,78;-1
2015;12;Frutas y verduras frescas;61,27;-2,9
2015;12;IPC General menos alimentos y energía;73,99;0,3
2015;12;No Transables;72,26;0,4
2015;12;Servicios;71,29;0,5
2015;12;Transables;68,77;-0,3
2016;1;Alimentos;61,22;-0,3
2016;1;Bienes;69,98;0
2016;1;Energía;63,08;-1,1
2016;1;Frutas y verduras frescas;60,41;-1,4
2016;1;IPC General menos alimentos y energía;74,66;0,9
2016;1;No Transables;72,91;0,9
2016;1;Servicios;72;1
2016;1;Transables;68,84;0,1
2016;2;Alimentos;60,91;-0,5
2016;2;Bienes;69,98;0
2016;2;Energía;63,71;1
2016;2;Frutas y verduras frescas;57,33;-5,1
2016;2;IPC General menos alimentos y energía;74,96;0,4
2016;2;No Transables;73,13;0,3
2016;2;Servicios;72,43;0,6
2016;2;Transables;69,05;0,3
2016;3;Alimentos;61,03;0,2
2016;3;Bienes;70,05;0,1
2016;3;Energía;63,46;-0,4
2016;3;Frutas y verduras frescas;58,59;2,2
2016;3;IPC General menos alimentos y energía;75,33;0,5
2016;3;No Transables;73,71;0,8
2016;3;Servicios;72,94;0,7
2016;3;Transables;69,12;0,1
2016;4;Alimentos;61,09;0,1
2016;4;Bienes;70,4;0,5
2016;4;Energía;64,41;1,5
2016;4;Frutas y verduras frescas;57,07;-2,6
2016;4;IPC General menos alimentos y energía;75,56;0,3
2016;4;No Transables;73,86;0,2
2016;4;Servicios;73,09;0,2
2016;4;Transables;69,47;0,5
2016;5;Alimentos;61,7;1
2016;5;Bienes;70,68;0,4
2016;5;Energía;65,25;1,3
2016;5;Frutas y verduras frescas;60,72;6,4
2016;5;IPC General menos alimentos y energía;75,48;-0,1
2016;5;No Transables;73,86;0
2016;5;Servicios;73,09;0
2016;5;Transables;69,75;0,4
2016;6;Alimentos;62,07;0,6
2016;6;Bienes;71,03;0,5
2016;6;Energía;66,03;1,2
2016;6;Frutas y verduras frescas;62,85;3,5
2016;6;IPC General menos alimentos y energía;75,71;0,3
2016;6;No Transables;74,16;0,4
2016;6;Servicios;73,38;0,4
2016;6;Transables;70,1;0,5
2016;7;Alimentos;62,69;1
2016;7;Bienes;71,31;0,4
2016;7;Energía;65,7;-0,5
2016;7;Frutas y verduras frescas;61,84;-1,6
2016;7;IPC General menos alimentos y energía;75,79;0,1
2016;7;No Transables;74,23;0,1
2016;7;Servicios;73,45;0,1
2016;7;Transables;70,31;0,3
2016;8;Alimentos;63,19;0,8
2016;8;Bienes;71,45;0,2
2016;8;Energía;64,19;-2,3
2016;8;Frutas y verduras frescas;63,08;2
2016;8;IPC General menos alimentos y energía;75,87;0,1
2016;8;No Transables;74,23;0
2016;8;Servicios;73,38;-0,1
2016;8;Transables;70,38;0,1
2016;9;Alimentos;63,82;1
2016;9;Bienes;71,74;0,4
2016;9;Energía;64,38;0,3
2016;9;Frutas y verduras frescas;67,75;7,4
2016;9;IPC General menos alimentos y energía;75,87;0
2016;9;No Transables;74,38;0,2
2016;9;Servicios;73,45;0,1
2016;9;Transables;70,59;0,3
2016;10;Alimentos;63,56;-0,4
2016;10;Bienes;71,81;0,1
2016;10;Energía;65,28;1,4
2016;10;Frutas y verduras frescas;67,14;-0,9
2016;10;IPC General menos alimentos y energía;76,02;0,2
2016;10;No Transables;74,6;0,3
2016;10;Servicios;73,67;0,3
2016;10;Transables;70,66;0,1
2016;11;Alimentos;63,56;0
2016;11;Bienes;71,81;0
2016;11;Energía;65,61;0,5
2016;11;Frutas y verduras frescas;64,19;-4,4
2016;11;IPC General menos alimentos y energía;76,02;0
2016;11;No Transables;74,67;0,1
2016;11;Servicios;73,82;0,2
2016;11;Transables;70,66;0
2016;12;Alimentos;62,67;-1,4
2016;12;Bienes;71,24;-0,8
2016;12;Energía;65,61;0
2016;12;Frutas y verduras frescas;60,85;-5,2
2016;12;IPC General menos alimentos y energía;76,1;0,1
2016;12;No Transables;75,04;0,5
2016;12;Servicios;74,12;0,4
2016;12;Transables;70,09;-0,8
2017;1;Alimentos;62,61;-0,1
2017;1;Bienes;71,67;0,6
2017;1;Energía;67,05;2,2
2017;1;Frutas y verduras frescas;59,82;-1,7
2017;1;IPC General menos alimentos y energía;76,48;0,5
2017;1;No Transables;75,34;0,4
2017;1;Servicios;74,42;0,4
2017;1;Transables;70,58;0,7
2017;2;Alimentos;62,92;0,5
2017;2;Bienes;71,96;0,4
2017;2;Energía;67,18;0,2
2017;2;Frutas y verduras frescas;60;0,3
2017;2;IPC General menos alimentos y energía;76,63;0,2
2017;2;No Transables;75,57;0,3
2017;2;Servicios;74,49;0,1
2017;2;Transables;70,72;0,2
2017;3;Alimentos;63,23;0,5
2017;3;Bienes;71,96;0
2017;3;Energía;66,98;-0,3
2017;3;Frutas y verduras frescas;62,28;3,8
2017;3;IPC General menos alimentos y energía;76,94;0,4
2017;3;No Transables;76,1;0,7
2017;3;Servicios;75,09;0,8
2017;3;Transables;70,79;0,1
2017;4;Alimentos;63,55;0,5
2017;4;Bienes;72,1;0,2
2017;4;Energía;66,91;-0,1
2017;4;Frutas y verduras frescas;62,16;-0,2
2017;4;IPC General menos alimentos y energía;77,09;0,2
2017;4;No Transables;76,4;0,4
2017;4;Servicios;75,24;0,2
2017;4;Transables;70,86;0,1
2017;5;Alimentos;63,23;-0,5
2017;5;Bienes;71,96;-0,2
2017;5;Energía;66,91;0
2017;5;Frutas y verduras frescas;60,54;-2,6
2017;5;IPC General menos alimentos y energía;77,32;0,3
2017;5;No Transables;76,48;0,1
2017;5;Servicios;75,62;0,5
2017;5;Transables;70,93;0,1
2017;6;Alimentos;62,85;-0,6
2017;6;Bienes;71,6;-0,5
2017;6;Energía;66,98;0,1
2017;6;Frutas y verduras frescas;57,15;-5,6
2017;6;IPC General menos alimentos y energía;77,01;-0,4
2017;6;No Transables;76,48;0
2017;6;Servicios;75,39;-0,3
2017;6;Transables;70,43;-0,7
2017;7;Alimentos;63,29;0,7
2017;7;Bienes;71,6;0
2017;7;Energía;66,31;-1
2017;7;Frutas y verduras frescas;57,09;-0,1
2017;7;IPC General menos alimentos y energía;77,24;0,3
2017;7;No Transables;76,79;0,4
2017;7;Servicios;75,69;0,4
2017;7;Transables;70,5;0,1
2017;8;Alimentos;63,92;1
2017;8;Bienes;71,96;0,5
2017;8;Energía;66,71;0,6
2017;8;Frutas y verduras frescas;60,23;5,5
2017;8;IPC General menos alimentos y energía;77,16;-0,1
2017;8;No Transables;76,71;-0,1
2017;8;Servicios;75,61;-0,1
2017;8;Transables;70,85;0,5
2017;9;Alimentos;63,54;-0,6
2017;9;Bienes;71,82;-0,2
2017;9;Energía;66,51;-0,3
2017;9;Frutas y verduras frescas;59,93;-0,5
2017;9;IPC General menos alimentos y energía;77,16;0
2017;9;No Transables;76,86;0,2
2017;9;Servicios;75,53;-0,1
2017;9;Transables;70,57;-0,4
2017;10;Alimentos;64,11;0,9
2017;10;Bienes;72,25;0,6
2017;10;Energía;67,84;2
2017;10;Frutas y verduras frescas;60,71;1,3
2017;10;IPC General menos alimentos y energía;77,39;0,3
2017;10;No Transables;77,09;0,3
2017;10;Servicios;75,98;0,6
2017;10;Transables;71,21;0,9
2017;11;Alimentos;64,56;0,7
2017;11;Bienes;72,25;0
2017;11;Energía;68,11;0,4
2017;11;Frutas y verduras frescas;63,14;4
2017;11;IPC General menos alimentos y energía;77,31;-0,1
2017;11;No Transables;77,01;-0,1
2017;11;Servicios;76,06;0,1
2017;11;Transables;71,35;0,2
2017;12;Alimentos;64,24;-0,5
2017;12;Bienes;72,18;-0,1
2017;12;Energía;69;1,3
2017;12;Frutas y verduras frescas;62,63;-0,8
2017;12;IPC General menos alimentos y energía;77,46;0,2
2017;12;No Transables;77,32;0,4
2017;12;Servicios;76,36;0,4
2017;12;Transables;71,28;-0,1
2018;1;Alimentos;65,08;1,3
2018;1;Bienes;72,69;0,7
2018;1;Energía;69;0
2018;1;Frutas y verduras frescas;66,2;5,7
2018;1;IPC General menos alimentos y energía;77,69;0,3
2018;1;No Transables;77,63;0,4
2018;1;Servicios;76,51;0,2
2018;1;Transables;71,64;0,5
2018;2;Alimentos;64,69;-0,6
2018;2;Bienes;72,62;-0,1
2018;2;Energía;69,34;0,5
2018;2;Frutas y verduras frescas;64,21;-3
2018;2;IPC General menos alimentos y energía;77,85;0,2
2018;2;No Transables;77,79;0,2
2018;2;Servicios;76,66;0,2
2018;2;Transables;71,57;-0,1
2018;3;Alimentos;64,82;0,2
2018;3;Bienes;72,47;-0,2
2018;3;Energía;68,72;-0,9
2018;3;Frutas y verduras frescas;64,15;-0,1
2018;3;IPC General menos alimentos y energía;78,08;0,3
2018;3;No Transables;78,41;0,8
2018;3;Servicios;77,2;0,7
2018;3;Transables;71,43;-0,2
2018;4;Alimentos;65,08;0,4
2018;4;Bienes;72,69;0,3
2018;4;Energía;69,06;0,5
2018;4;Frutas y verduras frescas;63,51;-1
2018;4;IPC General menos alimentos y energía;78,31;0,3
2018;4;No Transables;78,65;0,3
2018;4;Servicios;77,43;0,3
2018;4;Transables;71,64;0,3
2018;5;Alimentos;64,88;-0,3
2018;5;Bienes;72,84;0,2
2018;5;Energía;70,03;1,4
2018;5;Frutas y verduras frescas;62,94;-0,9
2018;5;IPC General menos alimentos y energía;78,54;0,3
2018;5;No Transables;78,73;0,1
2018;5;Servicios;77,66;0,3
2018;5;Transables;71,93;0,4
2018;6;Alimentos;65,14;0,4
2018;6;Bienes;72,91;0,1
2018;6;Energía;71,08;1,5
2018;6;Frutas y verduras frescas;62,69;-0,4
2018;6;IPC General menos alimentos y energía;78,46;-0,1
2018;6;No Transables;78,89;0,2
2018;6;Servicios;77,74;0,1
2018;6;Transables;71,93;0
2018;7;Alimentos;65,34;0,3
2018;7;Bienes;73,06;0,2
2018;7;Energía;71,93;1,2
2018;7;Frutas y verduras frescas;62,25;-0,7
2018;7;IPC General menos alimentos y energía;78,7;0,3
2018;7;No Transables;79,21;0,4
2018;7;Servicios;78,13;0,5
2018;7;Transables;72,15;0,3
2018;8;Alimentos;65,67;0,5
2018;8;Bienes;73,28;0,3
2018;8;Energía;72,65;1
2018;8;Frutas y verduras frescas;64,18;3,1
2018;8;IPC General menos alimentos y energía;78,7;0
2018;8;No Transables;79,21;0
2018;8;Servicios;78,13;0
2018;8;Transables;72,44;0,4
2018;9;Alimentos;65,93;0,4
2018;9;Bienes;73,43;0,2
2018;9;Energía;73,67;1,4
2018;9;Frutas y verduras frescas;66,94;4,3
2018;9;IPC General menos alimentos y energía;78,86;0,2
2018;9;No Transables;79,53;0,4
2018;9;Servicios;78,52;0,5
2018;9;Transables;72,66;0,3
2018;10;Alimentos;66,39;0,7
2018;10;Bienes;73,87;0,6
2018;10;Energía;73,52;-0,2
2018;10;Frutas y verduras frescas;68,81;2,8
2018;10;IPC General menos alimentos y energía;79,1;0,3
2018;10;No Transables;79,85;0,4
2018;10;Servicios;78,68;0,2
2018;10;Transables;72,88;0,3
2018;11;Alimentos;66,66;0,4
2018;11;Bienes;73,8;-0,1
2018;11;Energía;73,08;-0,6
2018;11;Frutas y verduras frescas;69,7;1,3
2018;11;IPC General menos alimentos y energía;79,1;0
2018;11;No Transables;79,77;-0,1
2018;11;Servicios;78,76;0,1
2018;11;Transables;72,95;0,1
2018;12;Alimentos;66,13;-0,8
2018;12;Bienes;73,21;-0,8
2018;12;Energía;71,84;-1,7
2018;12;Frutas y verduras frescas;67,54;-3,1
2018;12;IPC General menos alimentos y energía;79,34;0,3
2018;12;No Transables;80,09;0,4
2018;12;Servicios;79,23;0,6
2018;12;Transables;72,59;-0,5
2019;1;Alimentos;65,93;-0,3
2019;1;Bienes;73,14;-0,1
2019;1;Energía;70,55;-1,8
2019;1;Frutas y verduras frescas;65,72;-2,7
2019;1;IPC General menos alimentos y energía;79,66;0,4
2019;1;IPC Sin volátiles;78;0,5
2019;1;No Transables;80,41;0,4
2019;1;Servicios;79,47;0,3
2019;1;Transables;72,44;-0,2
2019;2;Alimentos;65,73;-0,3
2019;2;Bienes;72,99;-0,2
2019;2;Energía;69,63;-1,3
2019;2;Frutas y verduras frescas;64,34;-2,1
2019;2;IPC General menos alimentos y energía;79,9;0,3
2019;2;IPC Sin volátiles;78,12;0,1
2019;2;No Transables;80,65;0,3
2019;2;Servicios;79,63;0,2
2019;2;Transables;72,37;-0,1
2019;3;Alimentos;66,26;0,8
2019;3;Bienes;73,21;0,3
2019;3;Energía;69,56;-0,1
2019;3;Frutas y verduras frescas;66,78;3,8
2019;3;IPC General menos alimentos y energía;80,22;0,4
2019;3;IPC Sin volátiles;78,62;0,6
2019;3;No Transables;81,21;0,7
2019;3;Servicios;80,19;0,7
2019;3;Transables;72,59;0,3
2019;4;Alimentos;66,59;0,5
2019;4;Bienes;73,5;0,4
2019;4;Energía;70,53;1,4
2019;4;Frutas y verduras frescas;66,05;-1,1
2019;4;IPC General menos alimentos y energía;80,3;0,1
2019;4;IPC Sin volátiles;78,85;0,3
2019;4;No Transables;81,29;0,1
2019;4;Servicios;80,27;0,1
2019;4;Transables;72,88;0,4
2019;5;Alimentos;66,59;0
2019;5;Bienes;73,65;0,2
2019;5;Energía;73,84;4,7
2019;5;Frutas y verduras frescas;64,6;-2,2
2019;5;IPC General menos alimentos y energía;80,62;0,4
2019;5;IPC Sin volátiles;78,95;0,1
2019;5;No Transables;81,45;0,2
2019;5;Servicios;81,07;1
2019;5;Transables;73,61;1
2019;6;Alimentos;66,92;0,5
2019;6;Bienes;73,65;0
2019;6;Energía;73,54;-0,4
2019;6;Frutas y verduras frescas;64,92;0,5
2019;6;IPC General menos alimentos y energía;80,62;0
2019;6;IPC Sin volátiles;79,01;0,1
2019;6;No Transables;81,45;0
2019;6;Servicios;81,15;0,1
2019;6;Transables;73,68;0,1
2019;7;Alimentos;67,05;0,2
2019;7;Bienes;73,65;0
2019;7;Energía;73,17;-0,5
2019;7;Frutas y verduras frescas;64,08;-1,3
2019;7;IPC General menos alimentos y energía;80,86;0,3
2019;7;IPC Sin volátiles;79,14;0,2
2019;7;No Transables;81,78;0,4
2019;7;Servicios;81,47;0,4
2019;7;Transables;73,75;0,1
2019;8;Alimentos;67,52;0,7
2019;8;Bienes;73,94;0,4
2019;8;Energía;73,24;0,1
2019;8;Frutas y verduras frescas;64,66;0,9
2019;8;IPC General menos alimentos y energía;80,94;0,1
2019;8;IPC Sin volátiles;79,2;0,1
2019;8;No Transables;81,78;0
2019;8;Servicios;81,47;0
2019;8;Transables;74,05;0,4
2019;9;Alimentos;67,52;0
2019;9;Bienes;74,01;0,1
2019;9;Energía;73,02;-0,3
2019;9;Frutas y verduras frescas;65,76;1,7
2019;9;IPC General menos alimentos y energía;81,02;0,1
2019;9;IPC Sin volátiles;79,26;0,1
2019;9;No Transables;81,7;-0,1
2019;9;Servicios;81,39;-0,1
2019;9;Transables;74,12;0,1
2019;10;Alimentos;68,06;0,8
2019;10;Bienes;74,6;0,8
2019;10;Energía;75,14;2,9
2019;10;Frutas y verduras frescas;67,27;2,3
2019;10;IPC General menos alimentos y energía;81,51;0,6
2019;10;IPC Sin volátiles;79,52;0,3
2019;10;No Transables;82,03;0,4
2019;10;Servicios;82,04;0,8
2019;10;Transables;75,01;1,2
2019;11;Alimentos;68,94;1,3
2019;11;Bienes;74,97;0,5
2019;11;Energía;74,61;-0,7
2019;11;Frutas y verduras frescas;69,89;3,9
2019;11;IPC General menos alimentos y energía;81,35;-0,2
2019;11;IPC Sin volátiles;79,55;0
2019;11;No Transables;81,87;-0,2
2019;11;Servicios;81,71;-0,4
2019;11;Transables;75,24;0,3
2019;12;Alimentos;68,6;-0,5
2019;12;Bienes;74,9;-0,1
2019;12;Energía;75,73;1,5
2019;12;Frutas y verduras frescas;68,35;-2,2
2019;12;IPC General menos alimentos y energía;81,43;0,1
2019;12;IPC Sin volátiles;79,62;0,1
2019;12;No Transables;82,2;0,4
2019;12;Servicios;81,96;0,3
2019;12;Transables;75,16;-0,1
2020;1;Alimentos;69,29;1
2020;1;Bienes;75,35;0,6
2020;1;Energía;76,49;1
2020;1;Frutas y verduras frescas;70,26;2,8
2020;1;IPC General menos alimentos y energía;81,76;0,4
2020;1;IPC Sin volátiles;79,86;0,3
2020;1;No Transables;82,45;0,3
2020;1;Servicios;82,37;0,5
2020;1;Transables;75,76;0,8
2020;2;Alimentos;69,78;0,7
2020;2;Bienes;75,8;0,6
2020;2;Energía;76,49;0
2020;2;Frutas y verduras frescas;69,98;-0,4
2020;2;IPC General menos alimentos y energía;82,09;0,4
2020;2;IPC Sin volátiles;80,16;0,4
2020;2;No Transables;82,86;0,5
2020;2;Servicios;82,62;0,3
2020;2;Transables;76,06;0,4
2020;3;Alimentos;70,34;0,8
2020;3;Bienes;76,1;0,4
2020;3;Energía;76,41;-0,1
2020;3;Frutas y verduras frescas;71,66;2,4
2020;3;IPC General menos alimentos y energía;82,34;0,3
2020;3;IPC Sin volátiles;80,69;0,7
2020;3;No Transables;83,19;0,4
2020;3;Servicios;82,79;0,2
2020;3;Transables;76,29;0,3
2020;4;Alimentos;71,04;1
2020;4;Bienes;76,18;0,1
2020;4;Energía;74,73;-2,2
2020;4;Frutas y verduras frescas;73,02;1,9
2020;4;IPC General menos alimentos y energía;82,26;-0,1
2020;4;IPC Sin volátiles;81;0,4
2020;4;No Transables;83,02;-0,2
2020;4;Servicios;82,62;-0,2
2020;4;Transables;76,37;0,1
2020;5;Alimentos;71,04;0
2020;5;Bienes;76,1;-0,1
2020;5;Energía;73,61;-1,5
2020;5;Frutas y verduras frescas;72,58;-0,6
2020;5;IPC General menos alimentos y energía;82,34;0,1
2020;5;IPC Sin volátiles;80,96;0
2020;5;No Transables;83,02;0
2020;5;Servicios;82,62;0
2020;5;Transables;76,29;-0,1
2020;6;Alimentos;71,25;0,3
2020;6;Bienes;75,95;-0,2
2020;6;Energía;72,87;-1
2020;6;Frutas y verduras frescas;71,93;-0,9
2020;6;IPC General menos alimentos y energía;82,26;-0,1
2020;6;IPC Sin volátiles;80,96;0
2020;6;No Transables;83,02;0
2020;6;Servicios;82,62;0
2020;6;Transables;76,14;-0,2
2020;7;Alimentos;71,68;0,6
2020;7;Bienes;76,18;0,3
2020;7;Energía;72;-1,2
2020;7;Frutas y verduras frescas;72,51;0,8
2020;7;IPC General menos alimentos y energía;82,34;0,1
2020;7;IPC Sin volátiles;81,11;0,2
2020;7;No Transables;82,94;-0,1
2020;7;Servicios;82,54;-0,1
2020;7;Transables;76,29;0,2
2020;8;Alimentos;71,82;0,2
2020;8;Bienes;76,33;0,2
2020;8;Energía;71,28;-1
2020;8;Frutas y verduras frescas;72,73;0,3
2020;8;IPC General menos alimentos y energía;82,5;0,2
2020;8;IPC Sin volátiles;81,26;0,2
2020;8;No Transables;82,94;0
2020;8;Servicios;82,54;0
2020;8;Transables;76,44;0,2
2020;9;Alimentos;73,11;1,8
2020;9;Bienes;77,17;1,1
2020;9;Energía;71,49;0,3
2020;9;Frutas y verduras frescas;76,8;5,6
2020;9;IPC General menos alimentos y energía;82,75;0,3
2020;9;IPC Sin volátiles;81,56;0,4
2020;9;No Transables;83,11;0,2
2020;9;Servicios;82,71;0,2
2020;9;Transables;77,2;1
2020;10;Alimentos;73,55;0,6
2020;10;Bienes;77,86;0,9
2020;10;Energía;71,85;0,5
2020;10;Frutas y verduras frescas;77,57;1
2020;10;IPC General menos alimentos y energía;83,33;0,7
2020;10;IPC Sin volátiles;82,05;0,6
2020;10;No Transables;83,53;0,5
2020;10;Servicios;83,12;0,5
2020;10;Transables;77,82;0,8
2020;11;Alimentos;73,7;0,2
2020;11;Bienes;77,63;-0,3
2020;11;Energía;71,56;-0,4
2020;11;Frutas y verduras frescas;78,27;0,9
2020;11;IPC General menos alimentos y energía;83,16;-0,2
2020;11;IPC Sin volátiles;82,06;0
2020;11;No Transables;83,61;0,1
2020;11;Servicios;83,2;0,1
2020;11;Transables;77,59;-0,3
2020;12;Alimentos;73,85;0,2
2020;12;Bienes;77,94;0,4
2020;12;Energía;71,92;0,5
2020;12;Frutas y verduras frescas;78,5;0,3
2020;12;IPC General menos alimentos y energía;83,49;0,4
2020;12;IPC Sin volátiles;82,23;0,2
2020;12;No Transables;83,78;0,2
2020;12;Servicios;83,37;0,2
2020;12;Transables;77,9;0,4
2021;1;Alimentos;74,74;1,2
2021;1;Bienes;78,72;1
2021;1;Energía;73,21;1,8
2021;1;Frutas y verduras frescas;82,5;5,1
2021;1;IPC General menos alimentos y energía;83,91;0,5
2021;1;IPC Sin volátiles;82,69;0,6
2021;1;No Transables;84,12;0,4
2021;1;Servicios;83,7;0,4
2021;1;Transables;78,68;1
2021;2;Alimentos;74,37;-0,5
2021;2;Bienes;78,96;0,3
2021;2;Energía;74,82;2,2
2021;2;Frutas y verduras frescas;80,52;-2,4
2021;2;IPC General menos alimentos y energía;84,08;0,2
2021;2;IPC Sin volátiles;82,72;0
2021;2;No Transables;84,12;0
2021;2;Servicios;83,78;0,1
2021;2;Transables;78,92;0,3
2021;3;Alimentos;74,07;-0,4
2021;3;Bienes;79,12;0,2
2021;3;Energía;76,09;1,7
2021;3;Frutas y verduras frescas;79,8;-0,9
2021;3;IPC General menos alimentos y energía;84,5;0,5
2021;3;IPC Sin volátiles;83,11;0,5
2021;3;No Transables;84,54;0,5
2021;3;Servicios;84,2;0,5
2021;3;Transables;79,08;0,2
2021;4;Alimentos;74,66;0,8
2021;4;Bienes;79,67;0,7
2021;4;Energía;77,31;1,6
2021;4;Frutas y verduras frescas;80,36;0,7
2021;4;IPC General menos alimentos y energía;84,58;0,1
2021;4;IPC Sin volátiles;83,53;0,5
2021;4;No Transables;84,54;0
2021;4;Servicios;84,2;0
2021;4;Transables;79,63;0,7
2021;5;Alimentos;74,51;-0,2
2021;5;Bienes;79,91;0,3
2021;5;Energía;77,93;0,8
2021;5;Frutas y verduras frescas;78,59;-2,2
2021;5;IPC General menos alimentos y energía;84,83;0,3
2021;5;IPC Sin volátiles;83,69;0,2
2021;5;No Transables;84,79;0,3
2021;5;Servicios;84,37;0,2
2021;5;Transables;79,87;0,3
2021;6;Alimentos;74,51;0
2021;6;Bienes;79,83;-0,1
2021;6;Energía;79,18;1,6
2021;6;Frutas y verduras frescas;77,73;-1,1
2021;6;IPC General menos alimentos y energía;84,75;-0,1
2021;6;IPC Sin volátiles;83,59;-0,1
2021;6;No Transables;84,96;0,2
2021;6;Servicios;84,54;0,2
2021;6;Transables;79,79;-0,1
2021;7;Alimentos;75,26;1
2021;7;Bienes;80,87;1,3
2021;7;Energía;81,08;2,4
2021;7;Frutas y verduras frescas;77,34;-0,5
2021;7;IPC General menos alimentos y energía;85,26;0,6
2021;7;IPC Sin volátiles;84,2;0,7
2021;7;No Transables;85,3;0,4
2021;7;Servicios;84,79;0,3
2021;7;Transables;80,75;1,2
2021;8;Alimentos;75,34;0,1
2021;8;Bienes;81,03;0,2
2021;8;Energía;81,89;1
2021;8;Frutas y verduras frescas;77,19;-0,2
2021;8;IPC General menos alimentos y energía;85,6;0,4
2021;8;IPC Sin volátiles;84,36;0,2
2021;8;No Transables;85,73;0,5
2021;8;Servicios;85,21;0,5
2021;8;Transables;80,91;0,2
2021;9;Alimentos;76,92;2,1
2021;9;Bienes;82,33;1,6
2021;9;Energía;82,71;1
2021;9;Frutas y verduras frescas;80,2;3,9
2021;9;IPC General menos alimentos y energía;86,37;0,9
2021;9;IPC Sin volátiles;84,98;0,7
2021;9;No Transables;86,42;0,8
2021;9;Servicios;85,89;0,8
2021;9;Transables;82,12;1,5
2021;10;Alimentos;77,46;0,7
2021;10;Bienes;82,66;0,4
2021;10;Energía;84,86;2,6
2021;10;Frutas y verduras frescas;81,16;1,2
2021;10;IPC General menos alimentos y energía;87,58;1,4
2021;10;IPC Sin volátiles;85,26;0,3
2021;10;No Transables;87,63;1,4
2021;10;Servicios;87,95;2,4
2021;10;Transables;83,19;1,3
2021;11;Alimentos;77,54;0,1
2021;11;Bienes;83,32;0,8
2021;11;Energía;86,05;1,4
2021;11;Frutas y verduras frescas;80,43;-0,9
2021;11;IPC General menos alimentos y energía;88,02;0,5
2021;11;IPC Sin volátiles;85,9;0,7
2021;11;No Transables;87,54;-0,1
2021;11;Servicios;88,13;0,2
2021;11;Transables;84,02;1
2021;12;Alimentos;77,93;0,5
2021;12;Bienes;83,9;0,7
2021;12;Energía;86,05;0
2021;12;Frutas y verduras frescas;79,38;-1,3
2021;12;IPC General menos alimentos y energía;88,81;0,9
2021;12;IPC Sin volátiles;86,48;0,7
2021;12;No Transables;88,24;0,8
2021;12;Servicios;88,92;0,9
2021;12;Transables;84,69;0,8
2022;1;Alimentos;79,18;1,6
2022;1;Bienes;85,07;1,4
2022;1;Energía;86,74;0,8
2022;1;Frutas y verduras frescas;80,89;1,9
2022;1;IPC General menos alimentos y energía;89,79;1,1
2022;1;IPC Sin volátiles;87,52;1,2
2022;1;No Transables;89,3;1,2
2022;1;Servicios;89,72;0,9
2022;1;Transables;85,71;1,2
2022;2;Alimentos;80,61;1,8
2022;2;Bienes;86,18;1,3
2022;2;Energía;88,13;1,6
2022;2;Frutas y verduras frescas;82,18;1,6
2022;2;IPC General menos alimentos y energía;89,52;-0,3
2022;2;IPC Sin volátiles;88,11;0,7
2022;2;No Transables;89,21;-0,1
2022;2;Servicios;89;-0,8
2022;2;Transables;86,22;0,6
2022;3;Alimentos;83,75;3,9
2022;3;Bienes;88,25;2,4
2022;3;Energía;90,42;2,6
2022;3;Frutas y verduras frescas;85,39;3,9
2022;3;IPC General menos alimentos y energía;90,59;1,2
2022;3;IPC Sin volátiles;89,46;1,5
2022;3;No Transables;90,28;1,2
2022;3;Servicios;90,07;1,2
2022;3;Transables;88,2;2,3
2022;4;Alimentos;85,68;2,3
2022;4;Bienes;89,66;1,6
2022;4;Energía;92,68;2,5
2022;4;Frutas y verduras frescas;86,93;1,8
2022;4;IPC General menos alimentos y energía;91,5;1
2022;4;IPC Sin volátiles;90,44;1,1
2022;4;No Transables;91,09;0,9
2022;4;Servicios;91,15;1,2
2022;4;Transables;89,79;1,8
2022;5;Alimentos;87,22;1,8
2022;5;Bienes;90,83;1,3
2022;5;Energía;94,16;1,6
2022;5;Frutas y verduras frescas;88,23;1,5
2022;5;IPC General menos alimentos y energía;92,41;1
2022;5;IPC Sin volátiles;91,25;0,9
2022;5;No Transables;92;1
2022;5;Servicios;92,15;1,1
2022;5;Transables;91,05;1,4
2022;6;Alimentos;88,27;1,2
2022;6;Bienes;91,38;0,6
2022;6;Energía;95,76;1,7
2022;6;Frutas y verduras frescas;85,85;-2,7
2022;6;IPC General menos alimentos y energía;93,15;0,8
2022;6;IPC Sin volátiles;91,84;0,7
2022;6;No Transables;93,01;1,1
2022;6;Servicios;93,35;1,3
2022;6;Transables;91,78;0,8
2022;7;Alimentos;89,95;1,9
2022;7;Bienes;92,84;1,6
2022;7;Energía;99,4;3,8
2022;7;Frutas y verduras frescas;87,14;1,5
2022;7;IPC General menos alimentos y energía;93,99;0,9
2022;7;IPC Sin volátiles;92,66;0,9
2022;7;No Transables;93,85;0,9
2022;7;Servicios;94,38;1,1
2022;7;Transables;93,43;1,8
2022;8;Alimentos;91,75;2
2022;8;Bienes;94,42;1,7
2022;8;Energía;101,39;2
2022;8;Frutas y verduras frescas;87,75;0,7
2022;8;IPC General menos alimentos y energía;94,84;0,9
2022;8;IPC Sin volátiles;93,46;0,9
2022;8;No Transables;94,51;0,7
2022;8;Servicios;94,95;0,6
2022;8;Transables;94,92;1,6
2022;9;Alimentos;93,86;2,3
2022;9;Bienes;95,93;1,6
2022;9;Energía;102,4;1
2022;9;Frutas y verduras frescas;89,33;1,8
2022;9;IPC General menos alimentos y energía;95,22;0,4
2022;9;IPC Sin volátiles;94,4;1
2022;9;No Transables;94,7;0,2
2022;9;Servicios;95,04;0,1
2022;9;Transables;96,25;1,4
2022;10;Alimentos;94,61;0,8
2022;10;Bienes;95,93;0
2022;10;Energía;102,91;0,5
2022;10;Frutas y verduras frescas;90,67;1,5
2022;10;IPC General menos alimentos y energía;95,6;0,4
2022;10;IPC Sin volátiles;94,49;0,1
2022;10;No Transables;95,55;0,9
2022;10;Servicios;96,09;1,1
2022;10;Transables;96,44;0,2
2022;11;Alimentos;96,22;1,7
2022;11;Bienes;97,66;1,8
2022;11;Energía;104,35;1,4
2022;11;Frutas y verduras frescas;93,57;3,2
2022;11;IPC General menos alimentos y energía;96,27;0,7
2022;11;IPC Sin volátiles;95,38;0,9
2022;11;No Transables;95,93;0,4
2022;11;Servicios;96,09;0
2022;11;Transables;97,79;1,4
2022;12;Alimentos;97,28;1,1
2022;12;Bienes;97,86;0,2
2022;12;Energía;103,52;-0,8
2022;12;Frutas y verduras frescas;95,16;1,7
2022;12;IPC General menos alimentos y energía;96,46;0,2
2022;12;IPC Sin volátiles;95,7;0,3
2022;12;No Transables;96,12;0,2
2022;12;Servicios;96,47;0,4
2022;12;Transables;98,18;0,4
2023;1;Alimentos;98,25;1
2023;1;Bienes;98,55;0,7
2023;1;Energía;101,14;-2,3
2023;1;Frutas y verduras frescas;95,92;0,8
2023;1;IPC General menos alimentos y energía;97,52;1,1
2023;1;IPC Sin volátiles;96,8;1,2
2023;1;No Transables;97,18;1,1
2023;1;Servicios;97,34;0,9
2023;1;Transables;98,77;0,6
2023;2;Alimentos;97,96;-0,3
2023;2;Bienes;98,65;0,1
2023;2;Energía;99,72;-1,4
2023;2;Frutas y verduras frescas;93,43;-2,6
2023;2;IPC General menos alimentos y energía;97,72;0,2
2023;2;IPC Sin volátiles;97,53;0,7
2023;2;No Transables;97,18;0
2023;2;Servicios;97,05;-0,3
2023;2;Transables;98,67;-0,1
2023;3;Alimentos;98,35;0,4
2023;3;Bienes;98,85;0,2
2023;3;Energía;99,72;0
2023;3;Frutas y verduras frescas;93,99;0,6
2023;3;IPC General menos alimentos y energía;99,09;1,4
2023;3;IPC Sin volátiles;99,09;1,6
2023;3;No Transables;99,22;2,1
2023;3;Servicios;99,09;2,1
2023;3;Transables;98,97;0,3
2023;4;Alimentos;98,35;0
2023;4;Bienes;99,05;0,2
2023;4;Energía;100,12;0,4
2023;4;Frutas y verduras frescas;93,61;-0,4
2023;4;IPC General menos alimentos y energía;99,49;0,4
2023;4;IPC Sin volátiles;99,77;0,7
2023;4;No Transables;99,91;0,7
2023;4;Servicios;99,59;0,5
2023;4;Transables;98,97;0
2023;5;Alimentos;98,35;0
2023;5;Bienes;99,25;0,2
2023;5;Energía;99,52;-0,6
2023;5;Frutas y verduras frescas;93,33;-0,3
2023;5;IPC General menos alimentos y energía;99,69;0,2
2023;5;IPC Sin volátiles;100,25;0,5
2023;5;No Transables;100,01;0,1
2023;5;Servicios;99,59;0
2023;5;Transables;99,07;0,1
2023;6;Alimentos;98,65;0,3
2023;6;Bienes;98,75;-0,5
2023;6;Energía;97,63;-1,9
2023;6;Frutas y verduras frescas;92,02;-1,4
2023;6;IPC General menos alimentos y energía;99,59;-0,1
2023;6;IPC Sin volátiles;100,24;0
2023;6;No Transables;100,41;0,4
2023;6;Servicios;99,89;0,3
2023;6;Transables;98,48;-0,6
2023;7;Alimentos;99,83;1,2
2023;7;Bienes;99,15;0,4
2023;7;Energía;96,26;-1,4
2023;7;Frutas y verduras frescas;95,33;3,6
2023;7;IPC General menos alimentos y energía;99,89;0,3
2023;7;IPC Sin volátiles;100,5;0,3
2023;7;No Transables;100,71;0,3
2023;7;Servicios;100,19;0,3
2023;7;Transables;98,87;0,4
2023;8;Alimentos;100,13;0,3
2023;8;Bienes;99,35;0,2
2023;8;Energía;97,8;1,6
2023;8;Frutas y verduras frescas;98,48;3,3
2023;8;IPC General menos alimentos y energía;99,79;-0,1
2023;8;IPC Sin volátiles;100,41;-0,1
2023;8;No Transables;100,71;0
2023;8;Servicios;100,19;0
2023;8;Transables;99,07;0,2
2023;9;Alimentos;101,13;1
2023;9;Bienes;100,05;0,7
2023;9;Energía;99,95;2,2
2023;9;Frutas y verduras frescas;105,47;7,1
2023;9;IPC General menos alimentos y energía;100,19;0,4
2023;9;IPC Sin volátiles;100,6;0,2
2023;9;No Transables;101,11;0,4
2023;9;Servicios;100,79;0,6
2023;9;Transables;99,96;0,9
2023;10;Alimentos;102,04;0,9
2023;10;Bienes;100,45;0,4
2023;10;Energía;102,65;2,7
2023;10;Frutas y verduras frescas;107,9;2,3
2023;10;IPC General menos alimentos y energía;100,19;0
2023;10;IPC Sin volátiles;100,59;0
2023;10;No Transables;101,21;0,1
2023;10;Servicios;101,29;0,5
2023;10;Transables;100,66;0,7
2023;11;Alimentos;103,06;1
2023;11;Bienes;101,35;0,9
2023;11;Energía;103,27;0,6
2023;11;Frutas y verduras frescas;113,19;4,9
2023;11;IPC General menos alimentos y energía;100,89;0,7
2023;11;IPC Sin volátiles;101,11;0,5
2023;11;No Transables;101,72;0,5
2023;11;Servicios;101,9;0,6
2023;11;Transables;101,57;0,9
2023;12;Alimentos;102,24;-0,8
2023;12;Bienes;100,34;-1
2023;12;Energía;102,44;-0,8
2023;12;Frutas y verduras frescas;109,91;-2,9
2023;12;IPC General menos alimentos y energía;100,49;-0,4
2023;12;IPC Sin volátiles;100,89;-0,2
2023;12;No Transables;101,92;0,2
2023;12;Servicios;101,9;0
2023;12;Transables;100,45;-1,1
2024;1;Alimentos;103,26;1
2024;1;Bienes;101,24;0,9
2024;1;Energía;102,03;-0,4
2024;1;Frutas y verduras frescas;109,03;-0,8
2024;1;IPC General menos alimentos y energía;101,19;0,7
2024;1;IPC Sin volátiles;101,62;0,7
2024;1;IPC volátiles;101,87;0,6
2024;1;No transables;102,23;0,3
2024;1;Servicios;102,31;0,4
2024;1;Servicios menos Vivienda;102,21;0,5
2024;1;Transables;101,35;0,9
2024;1;Vivienda;102,62;0,5
2024;2;Alimentos;103,48;0,2
2024;2;Bienes;101,56;0,3
2024;2;Energía;103,15;1,1
2024;2;Frutas y verduras frescas;104,65;-4
2024;2;IPC General menos alimentos y energía;101,84;0,6
2024;2;IPC Sin volátiles;102,24;0,6
2024;2;IPC volátiles;102,44;0,6
2024;2;No transables;103,24;1
2024;2;Servicios;103,25;0,9
2024;2;Servicios menos Vivienda;103;0,8
2024;2;Transables;101,66;0,3
2024;2;Vivienda;104,21;1,6
2024;3;Alimentos;102,55;-0,9
2024;3;Bienes;101,71;0,1
2024;3;Energía;105,69;2,5
2024;3;Frutas y verduras frescas;104,18;-0,4
2024;3;IPC General menos alimentos y energía;102,38;0,5
2024;3;IPC Sin volátiles;102,88;0,6
2024;3;IPC volátiles;102,42;0
2024;3;No transables;103,96;0,7
2024;3;Servicios;103,92;0,7
2024;3;Servicios menos Vivienda;103,7;0,7
2024;3;Transables;101,8;0,1
2024;3;Vivienda;104,71;0,5
2024;4;Alimentos;103,27;0,7
2024;4;Bienes;102,38;0,7
2024;4;Energía;107,65;1,9
2024;4;Frutas y verduras frescas;102,89;-1,2
2024;4;IPC General menos alimentos y energía;102,69;0,3
2024;4;IPC Sin volátiles;103,43;0,5
2024;4;IPC volátiles;102,94;0,5
2024;4;No transables;104,28;0,3
2024;4;Servicios;104,31;0,4
2024;4;Servicios menos Vivienda;104,07;0,4
2024;4;Transables;102,5;0,7
2024;4;Vivienda;105,17;0,4
2024;5;Alimentos;103,35;0,1
2024;5;Bienes;102,83;0,4
2024;5;Energía;108,12;0,4
2024;5;Frutas y verduras frescas;101,96;-0,9
2024;5;IPC General menos alimentos y energía;103;0,3
2024;5;IPC Sin volátiles;103,85;0,4
2024;5;IPC volátiles;102,98;0
2024;5;No transables;104,37;0,1
2024;5;Servicios;104,36;0
2024;5;Servicios menos Vivienda;104,04;0
2024;5;Transables;102,9;0,4
2024;5;Vivienda;105,46;0,3
2024;6;Alimentos;104,69;1,3
2024;6;Bienes;102,26;-0,6
2024;6;Energía;108,17;0
2024;6;Frutas y verduras frescas;105,5;3,5
2024;6;IPC General menos alimentos y energía;102,43;-0,6
2024;6;IPC Sin volátiles;103,6;-0,2
2024;6;IPC volátiles;103,15;0,2
2024;6;No transables;104,61;0,2
2024;6;Servicios;104,86;0,5
2024;6;Servicios menos Vivienda;104,64;0,6
2024;6;Transables;102,58;-0,3
2024;6;Vivienda;105,31;-0,2
2024;7;Alimentos;104,75;0,1
2024;7;Bienes;102,77;0,5
2024;7;Energía;110,88;2,5
2024;7;Frutas y verduras frescas;106,79;1,2
2024;7;IPC General menos alimentos y energía;103,17;0,7
2024;7;IPC Sin volátiles;104,07;0,5
2024;7;IPC volátiles;104,38;1,2
2024;7;No transables;105,14;0,5
2024;7;Servicios;105,92;1
2024;7;Servicios menos Vivienda;105,87;1,2
2024;7;Transables;103,5;0,9
2024;7;Vivienda;105,92;0,6
