"Año";"Mes";"División";"Glosa";"Índice";"Variación Mensual (%)"
2009;12;1;"ALIMENTOS Y BEBIDAS NO ALCOHÓLICAS";65,14;
2009;12;2;"BEBIDAS ALCOHÓLICAS Y TABACO";50,14;
2009;12;3;"VESTUARIO Y CALZADO";201,61;
2009;12;4;"VIVIENDA Y SERVICIOS BÁSICOS";70,05;
2009;12;5;"EQUIPAMIENTO Y MANTENCIÓN DEL HOGAR";83,54;
2009;12;6;"SALUD";71,39;
2009;12;7;"TRANSPORTE";82,27;
2009;12;8;"COMUNICACIONES";107,56;
2009;12;9;"RECREACIÓN Y CULTURA";106,16;
2009;12;10;"EDUCACIÓN";66,51;
2009;12;11;"RESTAURANTES Y HOTELES";60,81;
2009;12;12;"BIENES Y SERVICIOS DIVERSOS";65,63;
2010;1;1;"ALIMENTOS Y BEBIDAS NO ALCOHÓLICAS";64,73;-0,6
2010;1;2;"BEBIDAS ALCOHÓLICAS Y TABACO";50,44;0,6
2010;1;3;"VESTUARIO Y CALZADO";190,65;-5,4
2010;1;4;"VIVIENDA Y SERVICIOS BÁSICOS";70,01;-0,1
2010;1;5;"EQUIPAMIENTO Y MANTENCIÓN DEL HOGAR";83,29;-0,3
2010;1;6;"SALUD";71,51;0,2
2010;1;7;"TRANSPORTE";82,56;0,4
2010;1;8;"COMUNICACIONES";107,38;-0,2
2010;1;9;"RECREACIÓN Y CULTURA";106,6;0,4
2010;1;10;"EDUCACIÓN";66,5;0
2010;1;11;"RESTAURANTES Y HOTELES";61,15;0,6
2010;1;12;"BIENES Y SERVICIOS DIVERSOS";74,81;14
2010;2;1;"ALIMENTOS Y BEBIDAS NO ALCOHÓLICAS";64,62;-0,2
2010;2;2;"BEBIDAS ALCOHÓLICAS Y TABACO";50,63;0,4
2010;2;3;"VESTUARIO Y CALZADO";190,36;-0,2
2010;2;4;"VIVIENDA Y SERVICIOS BÁSICOS";70,08;0,1
2010;2;5;"EQUIPAMIENTO Y MANTENCIÓN DEL HOGAR";83;-0,3
2010;2;6;"SALUD";71,8;0,4
2010;2;7;"TRANSPORTE";83,68;1,4
2010;2;8;"COMUNICACIONES";107,11;-0,3
2010;2;9;"RECREACIÓN Y CULTURA";106,77;0,2
2010;2;10;"EDUCACIÓN";66,58;0,1
2010;2;11;"RESTAURANTES Y HOTELES";61,38;0,4
2010;2;12;"BIENES Y SERVICIOS DIVERSOS";74,95;0,2
2010;3;1;"ALIMENTOS Y BEBIDAS NO ALCOHÓLICAS";65,22;0,9
2010;3;2;"BEBIDAS ALCOHÓLICAS Y TABACO";50,8;0,3
2010;3;3;"VESTUARIO Y CALZADO";190,49;0,1
2010;3;4;"VIVIENDA Y SERVICIOS BÁSICOS";70,37;0,4
2010;3;5;"EQUIPAMIENTO Y MANTENCIÓN DEL HOGAR";83,04;0
2010;3;6;"SALUD";72,02;0,3
2010;3;7;"TRANSPORTE";82,27;-1,7
2010;3;8;"COMUNICACIONES";107,18;0,1
2010;3;9;"RECREACIÓN Y CULTURA";105,81;-0,9
2010;3;10;"EDUCACIÓN";68,71;3,2
2010;3;11;"RESTAURANTES Y HOTELES";61,53;0,2
2010;3;12;"BIENES Y SERVICIOS DIVERSOS";75,14;0,2
2010;4;1;"ALIMENTOS Y BEBIDAS NO ALCOHÓLICAS";65,1;-0,2
2010;4;2;"BEBIDAS ALCOHÓLICAS Y TABACO";51,35;1,1
2010;4;3;"VESTUARIO Y CALZADO";188,69;-0,9
2010;4;4;"VIVIENDA Y SERVICIOS BÁSICOS";70,56;0,3
2010;4;5;"EQUIPAMIENTO Y MANTENCIÓN DEL HOGAR";83,09;0,1
2010;4;6;"SALUD";72,69;0,9
2010;4;7;"TRANSPORTE";84,4;2,6
2010;4;8;"COMUNICACIONES";107,09;-0,1
2010;4;9;"RECREACIÓN Y CULTURA";105,3;-0,5
2010;4;10;"EDUCACIÓN";68,18;-0,8
2010;4;11;"RESTAURANTES Y HOTELES";61,75;0,4
2010;4;12;"BIENES Y SERVICIOS DIVERSOS";75,03;-0,1
2010;5;1;"ALIMENTOS Y BEBIDAS NO ALCOHÓLICAS";65,47;0,6
2010;5;2;"BEBIDAS ALCOHÓLICAS Y TABACO";51,69;0,7
2010;5;3;"VESTUARIO Y CALZADO";185,61;-1,6
2010;5;4;"VIVIENDA Y SERVICIOS BÁSICOS";71,13;0,8
2010;5;5;"EQUIPAMIENTO Y MANTENCIÓN DEL HOGAR";83,63;0,7
2010;5;6;"SALUD";72,72;0
2010;5;7;"TRANSPORTE";85,15;0,9
2010;5;8;"COMUNICACIONES";105,87;-1,1
2010;5;9;"RECREACIÓN Y CULTURA";105,15;-0,1
2010;5;10;"EDUCACIÓN";68,2;0
2010;5;11;"RESTAURANTES Y HOTELES";62,07;0,5
2010;5;12;"BIENES Y SERVICIOS DIVERSOS";75,26;0,3
2010;6;1;"ALIMENTOS Y BEBIDAS NO ALCOHÓLICAS";65,73;0,4
2010;6;2;"BEBIDAS ALCOHÓLICAS Y TABACO";55,28;6,9
2010;6;3;"VESTUARIO Y CALZADO";180,59;-2,7
2010;6;4;"VIVIENDA Y SERVICIOS BÁSICOS";70,97;-0,2
2010;6;5;"EQUIPAMIENTO Y MANTENCIÓN DEL HOGAR";83,54;-0,1
2010;6;6;"SALUD";72,28;-0,6
2010;6;7;"TRANSPORTE";85,22;0,1
2010;6;8;"COMUNICACIONES";105,53;-0,3
2010;6;9;"RECREACIÓN Y CULTURA";104,73;-0,4
2010;6;10;"EDUCACIÓN";68,23;0,1
2010;6;11;"RESTAURANTES Y HOTELES";62,02;-0,1
2010;6;12;"BIENES Y SERVICIOS DIVERSOS";75,28;0
2010;7;1;"ALIMENTOS Y BEBIDAS NO ALCOHÓLICAS";66,37;1
2010;7;2;"BEBIDAS ALCOHÓLICAS Y TABACO";55,24;-0,1
2010;7;3;"VESTUARIO Y CALZADO";167,86;-7
2010;7;4;"VIVIENDA Y SERVICIOS BÁSICOS";71,07;0,1
2010;7;5;"EQUIPAMIENTO Y MANTENCIÓN DEL HOGAR";83,61;0,1
2010;7;6;"SALUD";71,9;-0,5
2010;7;7;"TRANSPORTE";86,51;1,5
2010;7;8;"COMUNICACIONES";105,35;-0,2
2010;7;9;"RECREACIÓN Y CULTURA";103,97;-0,7
2010;7;10;"EDUCACIÓN";68,22;0
2010;7;11;"RESTAURANTES Y HOTELES";62,26;0,4
2010;7;12;"BIENES Y SERVICIOS DIVERSOS";81,26;7,9
2010;8;1;"ALIMENTOS Y BEBIDAS NO ALCOHÓLICAS";67,17;1,2
2010;8;2;"BEBIDAS ALCOHÓLICAS Y TABACO";55,6;0,7
2010;8;3;"VESTUARIO Y CALZADO";167,97;0,1
2010;8;4;"VIVIENDA Y SERVICIOS BÁSICOS";72,52;2
2010;8;5;"EQUIPAMIENTO Y MANTENCIÓN DEL HOGAR";83,93;0,4
2010;8;6;"SALUD";71,94;0,1
2010;8;7;"TRANSPORTE";85,89;-0,7
2010;8;8;"COMUNICACIONES";105,12;-0,2
2010;8;9;"RECREACIÓN Y CULTURA";103,09;-0,8
2010;8;10;"EDUCACIÓN";68,23;0
2010;8;11;"RESTAURANTES Y HOTELES";62,54;0,4
2010;8;12;"BIENES Y SERVICIOS DIVERSOS";75,96;-6,5
2010;9;1;"ALIMENTOS Y BEBIDAS NO ALCOHÓLICAS";68,09;1,4
2010;9;2;"BEBIDAS ALCOHÓLICAS Y TABACO";55,59;0
2010;9;3;"VESTUARIO Y CALZADO";167,56;-0,2
2010;9;4;"VIVIENDA Y SERVICIOS BÁSICOS";72,72;0,3
2010;9;5;"EQUIPAMIENTO Y MANTENCIÓN DEL HOGAR";84,01;0,1
2010;9;6;"SALUD";72,02;0,1
2010;9;7;"TRANSPORTE";86,53;0,7
2010;9;8;"COMUNICACIONES";104,81;-0,3
2010;9;9;"RECREACIÓN Y CULTURA";102,15;-0,9
2010;9;10;"EDUCACIÓN";68,28;0,1
2010;9;11;"RESTAURANTES Y HOTELES";62,8;0,4
2010;9;12;"BIENES Y SERVICIOS DIVERSOS";75,96;0
2010;10;1;"ALIMENTOS Y BEBIDAS NO ALCOHÓLICAS";68,61;0,8
2010;10;2;"BEBIDAS ALCOHÓLICAS Y TABACO";55,69;0,2
2010;10;3;"VESTUARIO Y CALZADO";165,35;-1,3
2010;10;4;"VIVIENDA Y SERVICIOS BÁSICOS";73,14;0,6
2010;10;5;"EQUIPAMIENTO Y MANTENCIÓN DEL HOGAR";84,06;0,1
2010;10;6;"SALUD";72,09;0,1
2010;10;7;"TRANSPORTE";86,48;-0,1
2010;10;8;"COMUNICACIONES";104,55;-0,2
2010;10;9;"RECREACIÓN Y CULTURA";100,8;-1,3
2010;10;10;"EDUCACIÓN";68,26;0
2010;10;11;"RESTAURANTES Y HOTELES";63,12;0,5
2010;10;12;"BIENES Y SERVICIOS DIVERSOS";75,99;0
2010;11;1;"ALIMENTOS Y BEBIDAS NO ALCOHÓLICAS";68,7;0,1
2010;11;2;"BEBIDAS ALCOHÓLICAS Y TABACO";55,78;0,2
2010;11;3;"VESTUARIO Y CALZADO";162,32;-1,8
2010;11;4;"VIVIENDA Y SERVICIOS BÁSICOS";73,67;0,7
2010;11;5;"EQUIPAMIENTO Y MANTENCIÓN DEL HOGAR";84,04;0
2010;11;6;"SALUD";72,26;0,2
2010;11;7;"TRANSPORTE";86,67;0,2
2010;11;8;"COMUNICACIONES";104,25;-0,3
2010;11;9;"RECREACIÓN Y CULTURA";100,39;-0,4
2010;11;10;"EDUCACIÓN";68,19;-0,1
2010;11;11;"RESTAURANTES Y HOTELES";63,29;0,3
2010;11;12;"BIENES Y SERVICIOS DIVERSOS";75,97;0
2010;12;1;"ALIMENTOS Y BEBIDAS NO ALCOHÓLICAS";68,78;0,1
2010;12;2;"BEBIDAS ALCOHÓLICAS Y TABACO";55,72;-0,1
2010;12;3;"VESTUARIO Y CALZADO";159,6;-1,7
2010;12;4;"VIVIENDA Y SERVICIOS BÁSICOS";73,5;-0,2
2010;12;5;"EQUIPAMIENTO Y MANTENCIÓN DEL HOGAR";84;0
2010;12;6;"SALUD";72,35;0,1
2010;12;7;"TRANSPORTE";87,32;0,7
2010;12;8;"COMUNICACIONES";103,74;-0,5
2010;12;9;"RECREACIÓN Y CULTURA";99,88;-0,5
2010;12;10;"EDUCACIÓN";68,85;1
2010;12;11;"RESTAURANTES Y HOTELES";63,7;0,6
2010;12;12;"BIENES Y SERVICIOS DIVERSOS";76,01;0,1
2011;1;1;"ALIMENTOS Y BEBIDAS NO ALCOHÓLICAS";68,25;-0,8
2011;1;2;"BEBIDAS ALCOHÓLICAS Y TABACO";57,91;3,9
2011;1;3;"VESTUARIO Y CALZADO";154,03;-3,5
2011;1;4;"VIVIENDA Y SERVICIOS BÁSICOS";74,42;1,3
2011;1;5;"EQUIPAMIENTO Y MANTENCIÓN DEL HOGAR";83,85;-0,2
2011;1;6;"SALUD";72,75;0,5
2011;1;7;"TRANSPORTE";88,48;1,3
2011;1;8;"COMUNICACIONES";103,64;-0,1
2011;1;9;"RECREACIÓN Y CULTURA";100;0,1
2011;1;10;"EDUCACIÓN";68,86;0
2011;1;11;"RESTAURANTES Y HOTELES";64,12;0,7
2011;1;12;"BIENES Y SERVICIOS DIVERSOS";75,72;-0,4
2011;2;1;"ALIMENTOS Y BEBIDAS NO ALCOHÓLICAS";68,23;0
2011;2;2;"BEBIDAS ALCOHÓLICAS Y TABACO";57,91;0
2011;2;3;"VESTUARIO Y CALZADO";159,79;3,7
2011;2;4;"VIVIENDA Y SERVICIOS BÁSICOS";74,61;0,3
2011;2;5;"EQUIPAMIENTO Y MANTENCIÓN DEL HOGAR";83,84;0
2011;2;6;"SALUD";72,72;0
2011;2;7;"TRANSPORTE";88,65;0,2
2011;2;8;"COMUNICACIONES";103,66;0
2011;2;9;"RECREACIÓN Y CULTURA";99,65;-0,3
2011;2;10;"EDUCACIÓN";68,87;0
2011;2;11;"RESTAURANTES Y HOTELES";64,41;0,4
2011;2;12;"BIENES Y SERVICIOS DIVERSOS";76,09;0,5
2011;3;1;"ALIMENTOS Y BEBIDAS NO ALCOHÓLICAS";69,11;1,3
2011;3;2;"BEBIDAS ALCOHÓLICAS Y TABACO";57,9;0
2011;3;3;"VESTUARIO Y CALZADO";160,64;0,5
2011;3;4;"VIVIENDA Y SERVICIOS BÁSICOS";75,04;0,6
2011;3;5;"EQUIPAMIENTO Y MANTENCIÓN DEL HOGAR";84,21;0,4
2011;3;6;"SALUD";72,82;0,1
2011;3;7;"TRANSPORTE";89,23;0,6
2011;3;8;"COMUNICACIONES";103,47;-0,2
2011;3;9;"RECREACIÓN Y CULTURA";98,53;-1,1
2011;3;10;"EDUCACIÓN";72,03;4,6
2011;3;11;"RESTAURANTES Y HOTELES";64,68;0,4
2011;3;12;"BIENES Y SERVICIOS DIVERSOS";76,43;0,4
2011;4;1;"ALIMENTOS Y BEBIDAS NO ALCOHÓLICAS";69,59;0,7
2011;4;2;"BEBIDAS ALCOHÓLICAS Y TABACO";57,94;0,1
2011;4;3;"VESTUARIO Y CALZADO";160,52;-0,1
2011;4;4;"VIVIENDA Y SERVICIOS BÁSICOS";75,53;0,7
2011;4;5;"EQUIPAMIENTO Y MANTENCIÓN DEL HOGAR";84,46;0,3
2011;4;6;"SALUD";73,24;0,6
2011;4;7;"TRANSPORTE";89,57;0,4
2011;4;8;"COMUNICACIONES";102,85;-0,6
2011;4;9;"RECREACIÓN Y CULTURA";97,75;-0,8
2011;4;10;"EDUCACIÓN";72,04;0
2011;4;11;"RESTAURANTES Y HOTELES";65,03;0,5
2011;4;12;"BIENES Y SERVICIOS DIVERSOS";76,59;0,2
2011;5;1;"ALIMENTOS Y BEBIDAS NO ALCOHÓLICAS";70,28;1
2011;5;2;"BEBIDAS ALCOHÓLICAS Y TABACO";59,63;2,9
2011;5;3;"VESTUARIO Y CALZADO";158,48;-1,3
2011;5;4;"VIVIENDA Y SERVICIOS BÁSICOS";76,36;1,1
2011;5;5;"EQUIPAMIENTO Y MANTENCIÓN DEL HOGAR";84,48;0
2011;5;6;"SALUD";73,18;-0,1
2011;5;7;"TRANSPORTE";89,67;0,1
2011;5;8;"COMUNICACIONES";102,69;-0,2
2011;5;9;"RECREACIÓN Y CULTURA";97,72;0
2011;5;10;"EDUCACIÓN";72,05;0
2011;5;11;"RESTAURANTES Y HOTELES";65,27;0,4
2011;5;12;"BIENES Y SERVICIOS DIVERSOS";76,77;0,2
2011;6;1;"ALIMENTOS Y BEBIDAS NO ALCOHÓLICAS";70,67;0,6
2011;6;2;"BEBIDAS ALCOHÓLICAS Y TABACO";60,11;0,8
2011;6;3;"VESTUARIO Y CALZADO";154,77;-2,3
2011;6;4;"VIVIENDA Y SERVICIOS BÁSICOS";77,37;1,3
2011;6;5;"EQUIPAMIENTO Y MANTENCIÓN DEL HOGAR";84,33;-0,2
2011;6;6;"SALUD";73,38;0,3
2011;6;7;"TRANSPORTE";89,55;-0,1
2011;6;8;"COMUNICACIONES";102,52;-0,2
2011;6;9;"RECREACIÓN Y CULTURA";97,41;-0,3
2011;6;10;"EDUCACIÓN";72,05;0
2011;6;11;"RESTAURANTES Y HOTELES";65,53;0,4
2011;6;12;"BIENES Y SERVICIOS DIVERSOS";76,57;-0,3
2011;7;1;"ALIMENTOS Y BEBIDAS NO ALCOHÓLICAS";70,82;0,2
2011;7;2;"BEBIDAS ALCOHÓLICAS Y TABACO";60,46;0,6
2011;7;3;"VESTUARIO Y CALZADO";153,67;-0,7
2011;7;4;"VIVIENDA Y SERVICIOS BÁSICOS";77,75;0,5
2011;7;5;"EQUIPAMIENTO Y MANTENCIÓN DEL HOGAR";84,28;-0,1
2011;7;6;"SALUD";74,07;1
2011;7;7;"TRANSPORTE";89,47;-0,1
2011;7;8;"COMUNICACIONES";102,42;-0,1
2011;7;9;"RECREACIÓN Y CULTURA";96,79;-0,6
2011;7;10;"EDUCACIÓN";72,06;0
2011;7;11;"RESTAURANTES Y HOTELES";65,72;0,3
2011;7;12;"BIENES Y SERVICIOS DIVERSOS";76,91;0,4
2011;8;1;"ALIMENTOS Y BEBIDAS NO ALCOHÓLICAS";71,19;0,5
2011;8;2;"BEBIDAS ALCOHÓLICAS Y TABACO";60,88;0,7
2011;8;3;"VESTUARIO Y CALZADO";156,11;1,6
2011;8;4;"VIVIENDA Y SERVICIOS BÁSICOS";77,5;-0,3
2011;8;5;"EQUIPAMIENTO Y MANTENCIÓN DEL HOGAR";84,24;-0,1
2011;8;6;"SALUD";74,74;0,9
2011;8;7;"TRANSPORTE";89,44;0
2011;8;8;"COMUNICACIONES";102,23;-0,2
2011;8;9;"RECREACIÓN Y CULTURA";96,22;-0,6
2011;8;10;"EDUCACIÓN";72,08;0
2011;8;11;"RESTAURANTES Y HOTELES";65,99;0,4
2011;8;12;"BIENES Y SERVICIOS DIVERSOS";77,13;0,3
2011;9;1;"ALIMENTOS Y BEBIDAS NO ALCOHÓLICAS";72,04;1,2
2011;9;2;"BEBIDAS ALCOHÓLICAS Y TABACO";63,34;4
2011;9;3;"VESTUARIO Y CALZADO";157,12;0,6
2011;9;4;"VIVIENDA Y SERVICIOS BÁSICOS";77,37;-0,2
2011;9;5;"EQUIPAMIENTO Y MANTENCIÓN DEL HOGAR";84,18;-0,1
2011;9;6;"SALUD";74,83;0,1
2011;9;7;"TRANSPORTE";90,08;0,7
2011;9;8;"COMUNICACIONES";102,17;-0,1
2011;9;9;"RECREACIÓN Y CULTURA";95,83;-0,4
2011;9;10;"EDUCACIÓN";72,08;0
2011;9;11;"RESTAURANTES Y HOTELES";66,37;0,6
2011;9;12;"BIENES Y SERVICIOS DIVERSOS";77,44;0,4
2011;10;1;"ALIMENTOS Y BEBIDAS NO ALCOHÓLICAS";73,09;1,5
2011;10;2;"BEBIDAS ALCOHÓLICAS Y TABACO";63,39;0,1
2011;10;3;"VESTUARIO Y CALZADO";156,47;-0,4
2011;10;4;"VIVIENDA Y SERVICIOS BÁSICOS";77,25;-0,1
2011;10;5;"EQUIPAMIENTO Y MANTENCIÓN DEL HOGAR";84,13;-0,1
2011;10;6;"SALUD";75;0,2
2011;10;7;"TRANSPORTE";90,65;0,6
2011;10;8;"COMUNICACIONES";101,87;-0,3
2011;10;9;"RECREACIÓN Y CULTURA";96,26;0,5
2011;10;10;"EDUCACIÓN";72,1;0
2011;10;11;"RESTAURANTES Y HOTELES";66,67;0,5
2011;10;12;"BIENES Y SERVICIOS DIVERSOS";78,11;0,9
2011;11;1;"ALIMENTOS Y BEBIDAS NO ALCOHÓLICAS";74,12;1,4
2011;11;2;"BEBIDAS ALCOHÓLICAS Y TABACO";63,52;0,2
2011;11;3;"VESTUARIO Y CALZADO";154,15;-1,5
2011;11;4;"VIVIENDA Y SERVICIOS BÁSICOS";77,2;-0,1
2011;11;5;"EQUIPAMIENTO Y MANTENCIÓN DEL HOGAR";84,13;0
2011;11;6;"SALUD";75,29;0,4
2011;11;7;"TRANSPORTE";90,81;0,2
2011;11;8;"COMUNICACIONES";101,53;-0,3
2011;11;9;"RECREACIÓN Y CULTURA";95,66;-0,6
2011;11;10;"EDUCACIÓN";72,12;0
2011;11;11;"RESTAURANTES Y HOTELES";67,09;0,6
2011;11;12;"BIENES Y SERVICIOS DIVERSOS";78,83;0,9
2011;12;1;"ALIMENTOS Y BEBIDAS NO ALCOHÓLICAS";74,67;0,7
2011;12;2;"BEBIDAS ALCOHÓLICAS Y TABACO";63,39;-0,2
2011;12;3;"VESTUARIO Y CALZADO";151,91;-1,5
2011;12;4;"VIVIENDA Y SERVICIOS BÁSICOS";78,06;1,1
2011;12;5;"EQUIPAMIENTO Y MANTENCIÓN DEL HOGAR";83,9;-0,3
2011;12;6;"SALUD";75,54;0,3
2011;12;7;"TRANSPORTE";91,85;1,2
2011;12;8;"COMUNICACIONES";101,82;0,3
2011;12;9;"RECREACIÓN Y CULTURA";95,88;0,2
2011;12;10;"EDUCACIÓN";72,75;0,9
2011;12;11;"RESTAURANTES Y HOTELES";67,47;0,6
2011;12;12;"BIENES Y SERVICIOS DIVERSOS";79,12;0,4
2012;1;1;"ALIMENTOS Y BEBIDAS NO ALCOHÓLICAS";74,31;-0,5
2012;1;2;"BEBIDAS ALCOHÓLICAS Y TABACO";63,42;0,1
2012;1;3;"VESTUARIO Y CALZADO";151,68;-0,2
2012;1;4;"VIVIENDA Y SERVICIOS BÁSICOS";77,29;-1
2012;1;5;"EQUIPAMIENTO Y MANTENCIÓN DEL HOGAR";84,28;0,5
2012;1;6;"SALUD";75,89;0,5
2012;1;7;"TRANSPORTE";92,77;1
2012;1;8;"COMUNICACIONES";101,96;0,1
2012;1;9;"RECREACIÓN Y CULTURA";96,01;0,1
2012;1;10;"EDUCACIÓN";72,74;0
2012;1;11;"RESTAURANTES Y HOTELES";67,92;0,7
2012;1;12;"BIENES Y SERVICIOS DIVERSOS";79,34;0,3
2012;2;1;"ALIMENTOS Y BEBIDAS NO ALCOHÓLICAS";74,9;0,8
2012;2;2;"BEBIDAS ALCOHÓLICAS Y TABACO";63,63;0,3
2012;2;3;"VESTUARIO Y CALZADO";152,88;0,8
2012;2;4;"VIVIENDA Y SERVICIOS BÁSICOS";77,03;-0,3
2012;2;5;"EQUIPAMIENTO Y MANTENCIÓN DEL HOGAR";84,66;0,5
2012;2;6;"SALUD";76,46;0,8
2012;2;7;"TRANSPORTE";93,48;0,8
2012;2;8;"COMUNICACIONES";101,93;0
2012;2;9;"RECREACIÓN Y CULTURA";95,61;-0,4
2012;2;10;"EDUCACIÓN";72,74;0
2012;2;11;"RESTAURANTES Y HOTELES";68,29;0,5
2012;2;12;"BIENES Y SERVICIOS DIVERSOS";79,49;0,2
2012;3;1;"ALIMENTOS Y BEBIDAS NO ALCOHÓLICAS";75,86;1,3
2012;3;2;"BEBIDAS ALCOHÓLICAS Y TABACO";63,63;0
2012;3;3;"VESTUARIO Y CALZADO";153,43;0,4
2012;3;4;"VIVIENDA Y SERVICIOS BÁSICOS";76,24;-1
2012;3;5;"EQUIPAMIENTO Y MANTENCIÓN DEL HOGAR";84,61;-0,1
2012;3;6;"SALUD";76,02;-0,6
2012;3;7;"TRANSPORTE";92,65;-0,9
2012;3;8;"COMUNICACIONES";101,9;0
2012;3;9;"RECREACIÓN Y CULTURA";95,46;-0,2
2012;3;10;"EDUCACIÓN";75,23;3,4
2012;3;11;"RESTAURANTES Y HOTELES";68,51;0,3
2012;3;12;"BIENES Y SERVICIOS DIVERSOS";79,87;0,5
2012;4;1;"ALIMENTOS Y BEBIDAS NO ALCOHÓLICAS";75,47;-0,5
2012;4;2;"BEBIDAS ALCOHÓLICAS Y TABACO";63,5;-0,2
2012;4;3;"VESTUARIO Y CALZADO";152,41;-0,7
2012;4;4;"VIVIENDA Y SERVICIOS BÁSICOS";76,01;-0,3
2012;4;5;"EQUIPAMIENTO Y MANTENCIÓN DEL HOGAR";84,74;0,2
2012;4;6;"SALUD";76,92;1,2
2012;4;7;"TRANSPORTE";93,13;0,5
2012;4;8;"COMUNICACIONES";101,87;0
2012;4;9;"RECREACIÓN Y CULTURA";95,36;-0,1
2012;4;10;"EDUCACIÓN";75,24;0
2012;4;11;"RESTAURANTES Y HOTELES";69,3;1,2
2012;4;12;"BIENES Y SERVICIOS DIVERSOS";79,83;-0,1
2012;5;1;"ALIMENTOS Y BEBIDAS NO ALCOHÓLICAS";75;-0,6
2012;5;2;"BEBIDAS ALCOHÓLICAS Y TABACO";63,81;0,5
2012;5;3;"VESTUARIO Y CALZADO";151,05;-0,9
2012;5;4;"VIVIENDA Y SERVICIOS BÁSICOS";77,34;1,8
2012;5;5;"EQUIPAMIENTO Y MANTENCIÓN DEL HOGAR";85,08;0,4
2012;5;6;"SALUD";76,95;0
2012;5;7;"TRANSPORTE";92,69;-0,5
2012;5;8;"COMUNICACIONES";101,88;0
2012;5;9;"RECREACIÓN Y CULTURA";95,11;-0,3
2012;5;10;"EDUCACIÓN";75,25;0
2012;5;11;"RESTAURANTES Y HOTELES";69,52;0,3
2012;5;12;"BIENES Y SERVICIOS DIVERSOS";79,94;0,1
2012;6;1;"ALIMENTOS Y BEBIDAS NO ALCOHÓLICAS";74,78;-0,3
2012;6;2;"BEBIDAS ALCOHÓLICAS Y TABACO";65,2;2,2
2012;6;3;"VESTUARIO Y CALZADO";147,72;-2,2
2012;6;4;"VIVIENDA Y SERVICIOS BÁSICOS";76,48;-1,1
2012;6;5;"EQUIPAMIENTO Y MANTENCIÓN DEL HOGAR";84,96;-0,1
2012;6;6;"SALUD";76,82;-0,2
2012;6;7;"TRANSPORTE";92,21;-0,5
2012;6;8;"COMUNICACIONES";101,82;-0,1
2012;6;9;"RECREACIÓN Y CULTURA";95,37;0,3
2012;6;10;"EDUCACIÓN";75,22;0
2012;6;11;"RESTAURANTES Y HOTELES";69,98;0,7
2012;6;12;"BIENES Y SERVICIOS DIVERSOS";80,21;0,3
2012;7;1;"ALIMENTOS Y BEBIDAS NO ALCOHÓLICAS";75,44;0,9
2012;7;2;"BEBIDAS ALCOHÓLICAS Y TABACO";65,36;0,2
2012;7;3;"VESTUARIO Y CALZADO";140,98;-4,6
2012;7;4;"VIVIENDA Y SERVICIOS BÁSICOS";76,24;-0,3
2012;7;5;"EQUIPAMIENTO Y MANTENCIÓN DEL HOGAR";84,85;-0,1
2012;7;6;"SALUD";77,31;0,6
2012;7;7;"TRANSPORTE";92,02;-0,2
2012;7;8;"COMUNICACIONES";101,81;0
2012;7;9;"RECREACIÓN Y CULTURA";94,89;-0,5
2012;7;10;"EDUCACIÓN";75,31;0,1
2012;7;11;"RESTAURANTES Y HOTELES";70,33;0,5
2012;7;12;"BIENES Y SERVICIOS DIVERSOS";80,35;0,2
2012;8;1;"ALIMENTOS Y BEBIDAS NO ALCOHÓLICAS";76,25;1,1
2012;8;2;"BEBIDAS ALCOHÓLICAS Y TABACO";65,58;0,3
2012;8;3;"VESTUARIO Y CALZADO";142,44;1
2012;8;4;"VIVIENDA Y SERVICIOS BÁSICOS";77,01;1
2012;8;5;"EQUIPAMIENTO Y MANTENCIÓN DEL HOGAR";84,97;0,1
2012;8;6;"SALUD";77,35;0
2012;8;7;"TRANSPORTE";91,25;-0,8
2012;8;8;"COMUNICACIONES";101,78;0
2012;8;9;"RECREACIÓN Y CULTURA";94,51;-0,4
2012;8;10;"EDUCACIÓN";75,32;0
2012;8;11;"RESTAURANTES Y HOTELES";70,92;0,8
2012;8;12;"BIENES Y SERVICIOS DIVERSOS";79,94;-0,5
2012;9;1;"ALIMENTOS Y BEBIDAS NO ALCOHÓLICAS";77,99;2,3
2012;9;2;"BEBIDAS ALCOHÓLICAS Y TABACO";65,71;0,2
2012;9;3;"VESTUARIO Y CALZADO";141,94;-0,4
2012;9;4;"VIVIENDA Y SERVICIOS BÁSICOS";76,12;-1,2
2012;9;5;"EQUIPAMIENTO Y MANTENCIÓN DEL HOGAR";85,14;0,2
2012;9;6;"SALUD";77,96;0,8
2012;9;7;"TRANSPORTE";92,88;1,8
2012;9;8;"COMUNICACIONES";101,64;-0,1
2012;9;9;"RECREACIÓN Y CULTURA";94,55;0
2012;9;10;"EDUCACIÓN";75,32;0
2012;9;11;"RESTAURANTES Y HOTELES";71,32;0,6
2012;9;12;"BIENES Y SERVICIOS DIVERSOS";80,21;0,3
2012;10;1;"ALIMENTOS Y BEBIDAS NO ALCOHÓLICAS";79,71;2,2
2012;10;2;"BEBIDAS ALCOHÓLICAS Y TABACO";66,43;1,1
2012;10;3;"VESTUARIO Y CALZADO";139,46;-1,7
2012;10;4;"VIVIENDA Y SERVICIOS BÁSICOS";77,01;1,2
2012;10;5;"EQUIPAMIENTO Y MANTENCIÓN DEL HOGAR";85,2;0,1
2012;10;6;"SALUD";77,43;-0,7
2012;10;7;"TRANSPORTE";92,59;-0,3
2012;10;8;"COMUNICACIONES";101,72;0,1
2012;10;9;"RECREACIÓN Y CULTURA";94,68;0,1
2012;10;10;"EDUCACIÓN";75,35;0
2012;10;11;"RESTAURANTES Y HOTELES";72,07;1
2012;10;12;"BIENES Y SERVICIOS DIVERSOS";80,31;0,1
2012;11;1;"ALIMENTOS Y BEBIDAS NO ALCOHÓLICAS";79,14;-0,7
2012;11;2;"BEBIDAS ALCOHÓLICAS Y TABACO";66,48;0,1
2012;11;3;"VESTUARIO Y CALZADO";137,13;-1,7
2012;11;4;"VIVIENDA Y SERVICIOS BÁSICOS";77,03;0
2012;11;5;"EQUIPAMIENTO Y MANTENCIÓN DEL HOGAR";85,26;0,1
2012;11;6;"SALUD";77,67;0,3
2012;11;7;"TRANSPORTE";91,11;-1,6
2012;11;8;"COMUNICACIONES";101,63;-0,1
2012;11;9;"RECREACIÓN Y CULTURA";94,61;-0,1
2012;11;10;"EDUCACIÓN";75,36;0
2012;11;11;"RESTAURANTES Y HOTELES";72,62;0,8
2012;11;12;"BIENES Y SERVICIOS DIVERSOS";80,52;0,3
2012;12;1;"ALIMENTOS Y BEBIDAS NO ALCOHÓLICAS";78,18;-1,2
2012;12;2;"BEBIDAS ALCOHÓLICAS Y TABACO";66,9;0,6
2012;12;3;"VESTUARIO Y CALZADO";134,61;-1,8
2012;12;4;"VIVIENDA Y SERVICIOS BÁSICOS";77,59;0,7
2012;12;5;"EQUIPAMIENTO Y MANTENCIÓN DEL HOGAR";85,28;0
2012;12;6;"SALUD";77,94;0,4
2012;12;7;"TRANSPORTE";91,56;0,5
2012;12;8;"COMUNICACIONES";101,4;-0,2
2012;12;9;"RECREACIÓN Y CULTURA";94,15;-0,5
2012;12;10;"EDUCACIÓN";75,99;0,8
2012;12;11;"RESTAURANTES Y HOTELES";73,15;0,7
2012;12;12;"BIENES Y SERVICIOS DIVERSOS";80,55;0
2013;1;1;"ALIMENTOS Y BEBIDAS NO ALCOHÓLICAS";78,22;0,1
2013;1;2;"BEBIDAS ALCOHÓLICAS Y TABACO";67,57;1
2013;1;3;"VESTUARIO Y CALZADO";130,37;-3,1
2013;1;4;"VIVIENDA Y SERVICIOS BÁSICOS";78,03;0,6
2013;1;5;"EQUIPAMIENTO Y MANTENCIÓN DEL HOGAR";85,29;0
2013;1;6;"SALUD";78,82;1,1
2013;1;7;"TRANSPORTE";92,55;1,1
2013;1;8;"COMUNICACIONES";101,53;0,1
2013;1;9;"RECREACIÓN Y CULTURA";94,33;0,2
2013;1;10;"EDUCACIÓN";75,98;0
2013;1;11;"RESTAURANTES Y HOTELES";73,34;0,3
2013;1;12;"BIENES Y SERVICIOS DIVERSOS";78,73;-2,3
2013;2;1;"ALIMENTOS Y BEBIDAS NO ALCOHÓLICAS";77,65;-0,7
2013;2;2;"BEBIDAS ALCOHÓLICAS Y TABACO";67,82;0,4
2013;2;3;"VESTUARIO Y CALZADO";131,34;0,7
2013;2;4;"VIVIENDA Y SERVICIOS BÁSICOS";78,25;0,3
2013;2;5;"EQUIPAMIENTO Y MANTENCIÓN DEL HOGAR";85,03;-0,3
2013;2;6;"SALUD";79,07;0,3
2013;2;7;"TRANSPORTE";93,65;1,2
2013;2;8;"COMUNICACIONES";101,46;-0,1
2013;2;9;"RECREACIÓN Y CULTURA";93,85;-0,5
2013;2;10;"EDUCACIÓN";75,98;0
2013;2;11;"RESTAURANTES Y HOTELES";73,39;0,1
2013;2;12;"BIENES Y SERVICIOS DIVERSOS";78,66;-0,1
2013;3;1;"ALIMENTOS Y BEBIDAS NO ALCOHÓLICAS";78,18;0,7
2013;3;2;"BEBIDAS ALCOHÓLICAS Y TABACO";68,47;1
2013;3;3;"VESTUARIO Y CALZADO";131,74;0,3
2013;3;4;"VIVIENDA Y SERVICIOS BÁSICOS";78,03;-0,3
2013;3;5;"EQUIPAMIENTO Y MANTENCIÓN DEL HOGAR";85,26;0,3
2013;3;6;"SALUD";79,11;0
2013;3;7;"TRANSPORTE";93,36;-0,3
2013;3;8;"COMUNICACIONES";101,41;0
2013;3;9;"RECREACIÓN Y CULTURA";93,68;-0,2
2013;3;10;"EDUCACIÓN";79,29;4,3
2013;3;11;"RESTAURANTES Y HOTELES";73,66;0,4
2013;3;12;"BIENES Y SERVICIOS DIVERSOS";78,69;0
2013;4;1;"ALIMENTOS Y BEBIDAS NO ALCOHÓLICAS";78,36;0,2
2013;4;2;"BEBIDAS ALCOHÓLICAS Y TABACO";69,18;1
2013;4;3;"VESTUARIO Y CALZADO";131,1;-0,5
2013;4;4;"VIVIENDA Y SERVICIOS BÁSICOS";76,85;-1,5
2013;4;5;"EQUIPAMIENTO Y MANTENCIÓN DEL HOGAR";85,45;0,2
2013;4;6;"SALUD";80,15;1,3
2013;4;7;"TRANSPORTE";91,54;-2
2013;4;8;"COMUNICACIONES";101,37;0
2013;4;9;"RECREACIÓN Y CULTURA";93,22;-0,5
2013;4;10;"EDUCACIÓN";79,34;0,1
2013;4;11;"RESTAURANTES Y HOTELES";73,86;0,3
2013;4;12;"BIENES Y SERVICIOS DIVERSOS";78,47;-0,3
2013;5;1;"ALIMENTOS Y BEBIDAS NO ALCOHÓLICAS";78,67;0,4
2013;5;2;"BEBIDAS ALCOHÓLICAS Y TABACO";69,83;0,9
2013;5;3;"VESTUARIO Y CALZADO";129,58;-1,2
2013;5;4;"VIVIENDA Y SERVICIOS BÁSICOS";76,38;-0,6
2013;5;5;"EQUIPAMIENTO Y MANTENCIÓN DEL HOGAR";85,5;0
2013;5;6;"SALUD";80,32;0,2
2013;5;7;"TRANSPORTE";91,31;-0,2
2013;5;8;"COMUNICACIONES";101,32;0
2013;5;9;"RECREACIÓN Y CULTURA";93,34;0,1
2013;5;10;"EDUCACIÓN";79,34;0
2013;5;11;"RESTAURANTES Y HOTELES";74,24;0,5
2013;5;12;"BIENES Y SERVICIOS DIVERSOS";78,49;0
2013;6;1;"ALIMENTOS Y BEBIDAS NO ALCOHÓLICAS";79,51;1,1
2013;6;2;"BEBIDAS ALCOHÓLICAS Y TABACO";70,01;0,2
2013;6;3;"VESTUARIO Y CALZADO";127,35;-1,7
2013;6;4;"VIVIENDA Y SERVICIOS BÁSICOS";78,07;2,2
2013;6;5;"EQUIPAMIENTO Y MANTENCIÓN DEL HOGAR";85,42;-0,1
2013;6;6;"SALUD";80,09;-0,3
2013;6;7;"TRANSPORTE";91,91;0,7
2013;6;8;"COMUNICACIONES";101,42;0,1
2013;6;9;"RECREACIÓN Y CULTURA";93,64;0,3
2013;6;10;"EDUCACIÓN";79,34;0
2013;6;11;"RESTAURANTES Y HOTELES";74,48;0,3
2013;6;12;"BIENES Y SERVICIOS DIVERSOS";78,75;0,3
2013;7;1;"ALIMENTOS Y BEBIDAS NO ALCOHÓLICAS";79,75;0,3
2013;7;2;"BEBIDAS ALCOHÓLICAS Y TABACO";70,07;0,1
2013;7;3;"VESTUARIO Y CALZADO";123,43;-3,1
2013;7;4;"VIVIENDA Y SERVICIOS BÁSICOS";78,85;1
2013;7;5;"EQUIPAMIENTO Y MANTENCIÓN DEL HOGAR";85,39;0
2013;7;6;"SALUD";80,38;0,4
2013;7;7;"TRANSPORTE";92,57;0,7
2013;7;8;"COMUNICACIONES";101,72;0,3
2013;7;9;"RECREACIÓN Y CULTURA";93,6;0
2013;7;10;"EDUCACIÓN";79,34;0
2013;7;11;"RESTAURANTES Y HOTELES";74,82;0,5
2013;7;12;"BIENES Y SERVICIOS DIVERSOS";78,18;-0,7
2013;8;1;"ALIMENTOS Y BEBIDAS NO ALCOHÓLICAS";80,13;0,5
2013;8;2;"BEBIDAS ALCOHÓLICAS Y TABACO";70,36;0,4
2013;8;3;"VESTUARIO Y CALZADO";126,78;2,7
2013;8;4;"VIVIENDA Y SERVICIOS BÁSICOS";79,34;0,6
2013;8;5;"EQUIPAMIENTO Y MANTENCIÓN DEL HOGAR";85,54;0,2
2013;8;6;"SALUD";80,07;-0,4
2013;8;7;"TRANSPORTE";92,51;-0,1
2013;8;8;"COMUNICACIONES";101,51;-0,2
2013;8;9;"RECREACIÓN Y CULTURA";93,21;-0,4
2013;8;10;"EDUCACIÓN";79,32;0
2013;8;11;"RESTAURANTES Y HOTELES";75,33;0,7
2013;8;12;"BIENES Y SERVICIOS DIVERSOS";78,11;-0,1
2013;9;1;"ALIMENTOS Y BEBIDAS NO ALCOHÓLICAS";80,49;0,4
2013;9;2;"BEBIDAS ALCOHÓLICAS Y TABACO";71,67;1,9
2013;9;3;"VESTUARIO Y CALZADO";127,24;0,4
2013;9;4;"VIVIENDA Y SERVICIOS BÁSICOS";79,81;0,6
2013;9;5;"EQUIPAMIENTO Y MANTENCIÓN DEL HOGAR";85,66;0,1
2013;9;6;"SALUD";80,52;0,6
2013;9;7;"TRANSPORTE";93,3;0,9
2013;9;8;"COMUNICACIONES";101,42;-0,1
2013;9;9;"RECREACIÓN Y CULTURA";93,28;0,1
2013;9;10;"EDUCACIÓN";79,4;0,1
2013;9;11;"RESTAURANTES Y HOTELES";76,06;1
2013;9;12;"BIENES Y SERVICIOS DIVERSOS";78,56;0,6
2013;10;1;"ALIMENTOS Y BEBIDAS NO ALCOHÓLICAS";81,97;1,8
2013;10;2;"BEBIDAS ALCOHÓLICAS Y TABACO";72,13;0,6
2013;10;3;"VESTUARIO Y CALZADO";126,21;-0,8
2013;10;4;"VIVIENDA Y SERVICIOS BÁSICOS";79,9;0,1
2013;10;5;"EQUIPAMIENTO Y MANTENCIÓN DEL HOGAR";86;0,4
2013;10;6;"SALUD";80,49;0
2013;10;7;"TRANSPORTE";91,82;-1,6
2013;10;8;"COMUNICACIONES";101,4;0
2013;10;9;"RECREACIÓN Y CULTURA";93,16;-0,1
2013;10;10;"EDUCACIÓN";79,35;-0,1
2013;10;11;"RESTAURANTES Y HOTELES";76,54;0,6
2013;10;12;"BIENES Y SERVICIOS DIVERSOS";78,82;0,3
2013;11;1;"ALIMENTOS Y BEBIDAS NO ALCOHÓLICAS";82,7;0,9
2013;11;2;"BEBIDAS ALCOHÓLICAS Y TABACO";73,01;1,2
2013;11;3;"VESTUARIO Y CALZADO";125,9;-0,2
2013;11;4;"VIVIENDA Y SERVICIOS BÁSICOS";80,34;0,6
2013;11;5;"EQUIPAMIENTO Y MANTENCIÓN DEL HOGAR";85,87;-0,1
2013;11;6;"SALUD";81,01;0,6
2013;11;7;"TRANSPORTE";91,63;-0,2
2013;11;8;"COMUNICACIONES";101,41;0
2013;11;9;"RECREACIÓN Y CULTURA";92,97;-0,2
2013;11;10;"EDUCACIÓN";79,37;0
2013;11;11;"RESTAURANTES Y HOTELES";77,85;1,7
2013;11;12;"BIENES Y SERVICIOS DIVERSOS";79,1;0,4
2013;12;1;"ALIMENTOS Y BEBIDAS NO ALCOHÓLICAS";82,04;-0,8
2013;12;2;"BEBIDAS ALCOHÓLICAS Y TABACO";73,14;0,2
2013;12;3;"VESTUARIO Y CALZADO";125,22;-0,5
2013;12;4;"VIVIENDA Y SERVICIOS BÁSICOS";81,52;1,5
2013;12;5;"EQUIPAMIENTO Y MANTENCIÓN DEL HOGAR";85,98;0,1
2013;12;6;"SALUD";80,87;-0,2
2013;12;7;"TRANSPORTE";93,61;2,2
2013;12;8;"COMUNICACIONES";101,32;-0,1
2013;12;9;"RECREACIÓN Y CULTURA";93,74;0,8
2013;12;10;"EDUCACIÓN";80,05;0,9
2013;12;11;"RESTAURANTES Y HOTELES";78,51;0,9
2013;12;12;"BIENES Y SERVICIOS DIVERSOS";79,28;0,2
2014;1;1;"ALIMENTOS Y BEBIDAS NO ALCOHÓLICAS";81,68;-0,4
2014;1;2;"BEBIDAS ALCOHÓLICAS Y TABACO";73,42;0,4
2014;1;3;"VESTUARIO Y CALZADO";121,73;-2,8
2014;1;4;"VIVIENDA Y SERVICIOS BÁSICOS";81,84;0,4
2014;1;5;"EQUIPAMIENTO Y MANTENCIÓN DEL HOGAR";86,05;0,1
2014;1;6;"SALUD";81,63;0,9
2014;1;7;"TRANSPORTE";94,65;1,1
2014;1;8;"COMUNICACIONES";101,31;0
2014;1;9;"RECREACIÓN Y CULTURA";94,5;0,8
2014;1;10;"EDUCACIÓN";80,07;0
2014;1;11;"RESTAURANTES Y HOTELES";79,16;0,8
2014;1;12;"BIENES Y SERVICIOS DIVERSOS";79,23;-0,1
2014;2;1;"ALIMENTOS Y BEBIDAS NO ALCOHÓLICAS";82,01;0,4
2014;2;2;"BEBIDAS ALCOHÓLICAS Y TABACO";73,44;0
2014;2;3;"VESTUARIO Y CALZADO";122,94;1
2014;2;4;"VIVIENDA Y SERVICIOS BÁSICOS";82,69;1
2014;2;5;"EQUIPAMIENTO Y MANTENCIÓN DEL HOGAR";86,41;0,4
2014;2;6;"SALUD";81,58;-0,1
2014;2;7;"TRANSPORTE";96,22;1,7
2014;2;8;"COMUNICACIONES";100,69;-0,6
2014;2;9;"RECREACIÓN Y CULTURA";93,68;-0,9
2014;2;10;"EDUCACIÓN";80,1;0
2014;2;11;"RESTAURANTES Y HOTELES";79,23;0,1
2014;2;12;"BIENES Y SERVICIOS DIVERSOS";79,61;0,5
2014;3;1;"ALIMENTOS Y BEBIDAS NO ALCOHÓLICAS";82,66;0,8
2014;3;2;"BEBIDAS ALCOHÓLICAS Y TABACO";74,46;1,4
2014;3;3;"VESTUARIO Y CALZADO";124,61;1,4
2014;3;4;"VIVIENDA Y SERVICIOS BÁSICOS";82,92;0,3
2014;3;5;"EQUIPAMIENTO Y MANTENCIÓN DEL HOGAR";86,93;0,6
2014;3;6;"SALUD";81,57;0
2014;3;7;"TRANSPORTE";96,42;0,2
2014;3;8;"COMUNICACIONES";100,34;-0,3
2014;3;9;"RECREACIÓN Y CULTURA";93,99;0,3
2014;3;10;"EDUCACIÓN";84,01;4,9
2014;3;11;"RESTAURANTES Y HOTELES";79,86;0,8
2014;3;12;"BIENES Y SERVICIOS DIVERSOS";80,05;0,6
2014;4;1;"ALIMENTOS Y BEBIDAS NO ALCOHÓLICAS";83,37;0,9
2014;4;2;"BEBIDAS ALCOHÓLICAS Y TABACO";75,62;1,6
2014;4;3;"VESTUARIO Y CALZADO";124,44;-0,1
2014;4;4;"VIVIENDA Y SERVICIOS BÁSICOS";83,35;0,5
2014;4;5;"EQUIPAMIENTO Y MANTENCIÓN DEL HOGAR";87,81;1
2014;4;6;"SALUD";83;1,8
2014;4;7;"TRANSPORTE";96,59;0,2
2014;4;8;"COMUNICACIONES";100,82;0,5
2014;4;9;"RECREACIÓN Y CULTURA";94,62;0,7
2014;4;10;"EDUCACIÓN";84,03;0
2014;4;11;"RESTAURANTES Y HOTELES";79,97;0,1
2014;4;12;"BIENES Y SERVICIOS DIVERSOS";80,67;0,8
2014;5;1;"ALIMENTOS Y BEBIDAS NO ALCOHÓLICAS";83,77;0,5
2014;5;2;"BEBIDAS ALCOHÓLICAS Y TABACO";76,58;1,3
2014;5;3;"VESTUARIO Y CALZADO";123,69;-0,6
2014;5;4;"VIVIENDA Y SERVICIOS BÁSICOS";83,75;0,5
2014;5;5;"EQUIPAMIENTO Y MANTENCIÓN DEL HOGAR";88,17;0,4
2014;5;6;"SALUD";83,43;0,5
2014;5;7;"TRANSPORTE";96,68;0,1
2014;5;8;"COMUNICACIONES";100,85;0
2014;5;9;"RECREACIÓN Y CULTURA";95,07;0,5
2014;5;10;"EDUCACIÓN";84,11;0,1
2014;5;11;"RESTAURANTES Y HOTELES";80,09;0,1
2014;5;12;"BIENES Y SERVICIOS DIVERSOS";81,08;0,5
2014;6;1;"ALIMENTOS Y BEBIDAS NO ALCOHÓLICAS";84,05;0,3
2014;6;2;"BEBIDAS ALCOHÓLICAS Y TABACO";76,53;-0,1
2014;6;3;"VESTUARIO Y CALZADO";121,19;-2
2014;6;4;"VIVIENDA Y SERVICIOS BÁSICOS";83,61;-0,2
2014;6;5;"EQUIPAMIENTO Y MANTENCIÓN DEL HOGAR";88,51;0,4
2014;6;6;"SALUD";83,42;0
2014;6;7;"TRANSPORTE";96,93;0,3
2014;6;8;"COMUNICACIONES";100,61;-0,2
2014;6;9;"RECREACIÓN Y CULTURA";95,23;0,2
2014;6;10;"EDUCACIÓN";84,11;0
2014;6;11;"RESTAURANTES Y HOTELES";80,49;0,5
2014;6;12;"BIENES Y SERVICIOS DIVERSOS";81,23;0,2
2014;7;1;"ALIMENTOS Y BEBIDAS NO ALCOHÓLICAS";84,77;0,9
2014;7;2;"BEBIDAS ALCOHÓLICAS Y TABACO";77,07;0,7
2014;7;3;"VESTUARIO Y CALZADO";116,26;-4,1
2014;7;4;"VIVIENDA Y SERVICIOS BÁSICOS";83,84;0,3
2014;7;5;"EQUIPAMIENTO Y MANTENCIÓN DEL HOGAR";88,78;0,3
2014;7;6;"SALUD";83,24;-0,2
2014;7;7;"TRANSPORTE";97,97;1,1
2014;7;8;"COMUNICACIONES";100,21;-0,4
2014;7;9;"RECREACIÓN Y CULTURA";95,23;0
2014;7;10;"EDUCACIÓN";84,11;0
2014;7;11;"RESTAURANTES Y HOTELES";80,84;0,4
2014;7;12;"BIENES Y SERVICIOS DIVERSOS";81,3;0,1
2014;8;1;"ALIMENTOS Y BEBIDAS NO ALCOHÓLICAS";85,5;0,9
2014;8;2;"BEBIDAS ALCOHÓLICAS Y TABACO";78,45;1,8
2014;8;3;"VESTUARIO Y CALZADO";119,19;2,5
2014;8;4;"VIVIENDA Y SERVICIOS BÁSICOS";84,12;0,3
2014;8;5;"EQUIPAMIENTO Y MANTENCIÓN DEL HOGAR";88,88;0,1
2014;8;6;"SALUD";83,6;0,4
2014;8;7;"TRANSPORTE";97,47;-0,5
2014;8;8;"COMUNICACIONES";99,31;-0,9
2014;8;9;"RECREACIÓN Y CULTURA";95,13;-0,1
2014;8;10;"EDUCACIÓN";84,12;0
2014;8;11;"RESTAURANTES Y HOTELES";81,17;0,4
2014;8;12;"BIENES Y SERVICIOS DIVERSOS";81,52;0,3
2014;9;1;"ALIMENTOS Y BEBIDAS NO ALCOHÓLICAS";87,29;2,1
2014;9;2;"BEBIDAS ALCOHÓLICAS Y TABACO";78,21;-0,3
2014;9;3;"VESTUARIO Y CALZADO";119,59;0,3
2014;9;4;"VIVIENDA Y SERVICIOS BÁSICOS";84,25;0,2
2014;9;5;"EQUIPAMIENTO Y MANTENCIÓN DEL HOGAR";89,16;0,3
2014;9;6;"SALUD";83,84;0,3
2014;9;7;"TRANSPORTE";99,3;1,9
2014;9;8;"COMUNICACIONES";99,33;0
2014;9;9;"RECREACIÓN Y CULTURA";95,41;0,3
2014;9;10;"EDUCACIÓN";84,12;0
2014;9;11;"RESTAURANTES Y HOTELES";81,98;1
2014;9;12;"BIENES Y SERVICIOS DIVERSOS";81,78;0,3
2014;10;1;"ALIMENTOS Y BEBIDAS NO ALCOHÓLICAS";90,28;3,4
2014;10;2;"BEBIDAS ALCOHÓLICAS Y TABACO";80,84;3,4
2014;10;3;"VESTUARIO Y CALZADO";117,76;-1,5
2014;10;4;"VIVIENDA Y SERVICIOS BÁSICOS";84,65;0,5
2014;10;5;"EQUIPAMIENTO Y MANTENCIÓN DEL HOGAR";89,53;0,4
2014;10;6;"SALUD";84,34;0,6
2014;10;7;"TRANSPORTE";99,84;0,5
2014;10;8;"COMUNICACIONES";99,21;-0,1
2014;10;9;"RECREACIÓN Y CULTURA";95,43;0
2014;10;10;"EDUCACIÓN";84,21;0,1
2014;10;11;"RESTAURANTES Y HOTELES";83,02;1,3
2014;10;12;"BIENES Y SERVICIOS DIVERSOS";82,17;0,5
2014;11;1;"ALIMENTOS Y BEBIDAS NO ALCOHÓLICAS";89,82;-0,5
2014;11;2;"BEBIDAS ALCOHÓLICAS Y TABACO";81,56;0,9
2014;11;3;"VESTUARIO Y CALZADO";117,28;-0,4
2014;11;4;"VIVIENDA Y SERVICIOS BÁSICOS";85,18;0,6
2014;11;5;"EQUIPAMIENTO Y MANTENCIÓN DEL HOGAR";89,51;0
2014;11;6;"SALUD";84,58;0,3
2014;11;7;"TRANSPORTE";99,04;-0,8
2014;11;8;"COMUNICACIONES";99,21;0
2014;11;9;"RECREACIÓN Y CULTURA";94,99;-0,5
2014;11;10;"EDUCACIÓN";84,21;0
2014;11;11;"RESTAURANTES Y HOTELES";83,69;0,8
2014;11;12;"BIENES Y SERVICIOS DIVERSOS";83,56;1,7
2014;12;1;"ALIMENTOS Y BEBIDAS NO ALCOHÓLICAS";89,31;-0,6
2014;12;2;"BEBIDAS ALCOHÓLICAS Y TABACO";81,19;-0,5
2014;12;3;"VESTUARIO Y CALZADO";116,45;-0,7
2014;12;4;"VIVIENDA Y SERVICIOS BÁSICOS";84,59;-0,7
2014;12;5;"EQUIPAMIENTO Y MANTENCIÓN DEL HOGAR";89,56;0
2014;12;6;"SALUD";84,52;-0,1
2014;12;7;"TRANSPORTE";97,43;-1,6
2014;12;8;"COMUNICACIONES";98,98;-0,2
2014;12;9;"RECREACIÓN Y CULTURA";95,4;0,4
2014;12;10;"EDUCACIÓN";84,21;0
2014;12;11;"RESTAURANTES Y HOTELES";84,13;0,5
2014;12;12;"BIENES Y SERVICIOS DIVERSOS";84,03;0,6
2015;1;1;"ALIMENTOS Y BEBIDAS NO ALCOHÓLICAS";89,42;0,1
2015;1;2;"BEBIDAS ALCOHÓLICAS Y TABACO";84,4;4
2015;1;3;"VESTUARIO Y CALZADO";113,21;-2,8
2015;1;4;"VIVIENDA Y SERVICIOS BÁSICOS";84,52;-0,1
2015;1;5;"EQUIPAMIENTO Y MANTENCIÓN DEL HOGAR";90,13;0,6
2015;1;6;"SALUD";85,74;1,4
2015;1;7;"TRANSPORTE";95,89;-1,6
2015;1;8;"COMUNICACIONES";99,29;0,3
2015;1;9;"RECREACIÓN Y CULTURA";96,15;0,8
2015;1;10;"EDUCACIÓN";84,23;0
2015;1;11;"RESTAURANTES Y HOTELES";84,7;0,7
2015;1;12;"BIENES Y SERVICIOS DIVERSOS";84,29;0,3
2015;2;1;"ALIMENTOS Y BEBIDAS NO ALCOHÓLICAS";89,21;-0,2
2015;2;2;"BEBIDAS ALCOHÓLICAS Y TABACO";84,92;0,6
2015;2;3;"VESTUARIO Y CALZADO";114,41;1,1
2015;2;4;"VIVIENDA Y SERVICIOS BÁSICOS";86,53;2,4
2015;2;5;"EQUIPAMIENTO Y MANTENCIÓN DEL HOGAR";90,69;0,6
2015;2;6;"SALUD";86,01;0,3
2015;2;7;"TRANSPORTE";95,69;-0,2
2015;2;8;"COMUNICACIONES";99,42;0,1
2015;2;9;"RECREACIÓN Y CULTURA";94,98;-1,2
2015;2;10;"EDUCACIÓN";84,25;0
2015;2;11;"RESTAURANTES Y HOTELES";85,12;0,5
2015;2;12;"BIENES Y SERVICIOS DIVERSOS";84,53;0,3
2015;3;1;"ALIMENTOS Y BEBIDAS NO ALCOHÓLICAS";89,27;0,1
2015;3;2;"BEBIDAS ALCOHÓLICAS Y TABACO";85,07;0,2
2015;3;3;"VESTUARIO Y CALZADO";115,18;0,7
2015;3;4;"VIVIENDA Y SERVICIOS BÁSICOS";86,88;0,4
2015;3;5;"EQUIPAMIENTO Y MANTENCIÓN DEL HOGAR";91,24;0,6
2015;3;6;"SALUD";86,47;0,5
2015;3;7;"TRANSPORTE";95,57;-0,1
2015;3;8;"COMUNICACIONES";99,22;-0,2
2015;3;9;"RECREACIÓN Y CULTURA";95,18;0,2
2015;3;10;"EDUCACIÓN";88,59;5,1
2015;3;11;"RESTAURANTES Y HOTELES";85,43;0,4
2015;3;12;"BIENES Y SERVICIOS DIVERSOS";84,91;0,4
2015;4;1;"ALIMENTOS Y BEBIDAS NO ALCOHÓLICAS";90,02;0,8
2015;4;2;"BEBIDAS ALCOHÓLICAS Y TABACO";85,44;0,4
2015;4;3;"VESTUARIO Y CALZADO";114,42;-0,7
2015;4;4;"VIVIENDA Y SERVICIOS BÁSICOS";87,01;0,1
2015;4;5;"EQUIPAMIENTO Y MANTENCIÓN DEL HOGAR";92,37;1,2
2015;4;6;"SALUD";87,84;1,6
2015;4;7;"TRANSPORTE";96,33;0,8
2015;4;8;"COMUNICACIONES";99,45;0,2
2015;4;9;"RECREACIÓN Y CULTURA";95,63;0,5
2015;4;10;"EDUCACIÓN";88,6;0
2015;4;11;"RESTAURANTES Y HOTELES";85,86;0,5
2015;4;12;"BIENES Y SERVICIOS DIVERSOS";85,27;0,4
2015;5;1;"ALIMENTOS Y BEBIDAS NO ALCOHÓLICAS";90,2;0,2
2015;5;2;"BEBIDAS ALCOHÓLICAS Y TABACO";85,33;-0,1
2015;5;3;"VESTUARIO Y CALZADO";114,25;-0,1
2015;5;4;"VIVIENDA Y SERVICIOS BÁSICOS";87,26;0,3
2015;5;5;"EQUIPAMIENTO Y MANTENCIÓN DEL HOGAR";92,79;0,5
2015;5;6;"SALUD";88,4;0,6
2015;5;7;"TRANSPORTE";96,27;-0,1
2015;5;8;"COMUNICACIONES";99,28;-0,2
2015;5;9;"RECREACIÓN Y CULTURA";95,25;-0,4
2015;5;10;"EDUCACIÓN";88,62;0
2015;5;11;"RESTAURANTES Y HOTELES";86,28;0,5
2015;5;12;"BIENES Y SERVICIOS DIVERSOS";85,86;0,7
2015;6;1;"ALIMENTOS Y BEBIDAS NO ALCOHÓLICAS";90,35;0,2
2015;6;2;"BEBIDAS ALCOHÓLICAS Y TABACO";86,49;1,4
2015;6;3;"VESTUARIO Y CALZADO";113,32;-0,8
2015;6;4;"VIVIENDA Y SERVICIOS BÁSICOS";88,12;1
2015;6;5;"EQUIPAMIENTO Y MANTENCIÓN DEL HOGAR";93,15;0,4
2015;6;6;"SALUD";88,54;0,1
2015;6;7;"TRANSPORTE";97,56;1,3
2015;6;8;"COMUNICACIONES";99,18;-0,1
2015;6;9;"RECREACIÓN Y CULTURA";96,12;0,9
2015;6;10;"EDUCACIÓN";88,66;0
2015;6;11;"RESTAURANTES Y HOTELES";86,86;0,7
2015;6;12;"BIENES Y SERVICIOS DIVERSOS";85,62;-0,3
2015;7;1;"ALIMENTOS Y BEBIDAS NO ALCOHÓLICAS";91,13;0,9
2015;7;2;"BEBIDAS ALCOHÓLICAS Y TABACO";86,82;0,4
2015;7;3;"VESTUARIO Y CALZADO";111,39;-1,7
2015;7;4;"VIVIENDA Y SERVICIOS BÁSICOS";88,45;0,4
2015;7;5;"EQUIPAMIENTO Y MANTENCIÓN DEL HOGAR";93,49;0,4
2015;7;6;"SALUD";88,8;0,3
2015;7;7;"TRANSPORTE";98,53;1
2015;7;8;"COMUNICACIONES";98,95;-0,2
2015;7;9;"RECREACIÓN Y CULTURA";96,11;0
2015;7;10;"EDUCACIÓN";88,63;0
2015;7;11;"RESTAURANTES Y HOTELES";86,98;0,1
2015;7;12;"BIENES Y SERVICIOS DIVERSOS";86,45;1
2015;8;1;"ALIMENTOS Y BEBIDAS NO ALCOHÓLICAS";92,51;1,5
2015;8;2;"BEBIDAS ALCOHÓLICAS Y TABACO";87,34;0,6
2015;8;3;"VESTUARIO Y CALZADO";115,05;3,3
2015;8;4;"VIVIENDA Y SERVICIOS BÁSICOS";88,82;0,4
2015;8;5;"EQUIPAMIENTO Y MANTENCIÓN DEL HOGAR";94,11;0,7
2015;8;6;"SALUD";88,98;0,2
2015;8;7;"TRANSPORTE";98,83;0,3
2015;8;8;"COMUNICACIONES";99,71;0,8
2015;8;9;"RECREACIÓN Y CULTURA";95,99;-0,1
2015;8;10;"EDUCACIÓN";88,63;0
2015;8;11;"RESTAURANTES Y HOTELES";87,09;0,1
2015;8;12;"BIENES Y SERVICIOS DIVERSOS";86,92;0,5
2015;9;1;"ALIMENTOS Y BEBIDAS NO ALCOHÓLICAS";93,53;1,1
2015;9;2;"BEBIDAS ALCOHÓLICAS Y TABACO";86,71;-0,7
2015;9;3;"VESTUARIO Y CALZADO";115,69;0,6
2015;9;4;"VIVIENDA Y SERVICIOS BÁSICOS";89,28;0,5
2015;9;5;"EQUIPAMIENTO Y MANTENCIÓN DEL HOGAR";94,76;0,7
2015;9;6;"SALUD";89,36;0,4
2015;9;7;"TRANSPORTE";99,24;0,4
2015;9;8;"COMUNICACIONES";99,54;-0,2
2015;9;9;"RECREACIÓN Y CULTURA";96,14;0,2
2015;9;10;"EDUCACIÓN";88,6;0
2015;9;11;"RESTAURANTES Y HOTELES";88,2;1,3
2015;9;12;"BIENES Y SERVICIOS DIVERSOS";87,28;0,4
2015;10;1;"ALIMENTOS Y BEBIDAS NO ALCOHÓLICAS";94,27;0,8
2015;10;2;"BEBIDAS ALCOHÓLICAS Y TABACO";88,13;1,6
2015;10;3;"VESTUARIO Y CALZADO";115;-0,6
2015;10;4;"VIVIENDA Y SERVICIOS BÁSICOS";89,8;0,6
2015;10;5;"EQUIPAMIENTO Y MANTENCIÓN DEL HOGAR";95,52;0,8
2015;10;6;"SALUD";89,62;0,3
2015;10;7;"TRANSPORTE";98,91;-0,3
2015;10;8;"COMUNICACIONES";99,67;0,1
2015;10;9;"RECREACIÓN Y CULTURA";96,08;-0,1
2015;10;10;"EDUCACIÓN";88,59;0
2015;10;11;"RESTAURANTES Y HOTELES";88,96;0,9
2015;10;12;"BIENES Y SERVICIOS DIVERSOS";88;0,8
2015;11;1;"ALIMENTOS Y BEBIDAS NO ALCOHÓLICAS";94,03;-0,3
2015;11;2;"BEBIDAS ALCOHÓLICAS Y TABACO";87,86;-0,3
2015;11;3;"VESTUARIO Y CALZADO";114,38;-0,5
2015;11;4;"VIVIENDA Y SERVICIOS BÁSICOS";90,02;0,2
2015;11;5;"EQUIPAMIENTO Y MANTENCIÓN DEL HOGAR";95,65;0,1
2015;11;6;"SALUD";89,63;0
2015;11;7;"TRANSPORTE";98,41;-0,5
2015;11;8;"COMUNICACIONES";99,61;-0,1
2015;11;9;"RECREACIÓN Y CULTURA";96,12;0
2015;11;10;"EDUCACIÓN";88,63;0
2015;11;11;"RESTAURANTES Y HOTELES";89,59;0,7
2015;11;12;"BIENES Y SERVICIOS DIVERSOS";88,56;0,6
2015;12;1;"ALIMENTOS Y BEBIDAS NO ALCOHÓLICAS";93,5;-0,6
2015;12;2;"BEBIDAS ALCOHÓLICAS Y TABACO";87,47;-0,4
2015;12;3;"VESTUARIO Y CALZADO";113,82;-0,5
2015;12;4;"VIVIENDA Y SERVICIOS BÁSICOS";90,04;0
2015;12;5;"EQUIPAMIENTO Y MANTENCIÓN DEL HOGAR";96,2;0,6
2015;12;6;"SALUD";89,64;0
2015;12;7;"TRANSPORTE";99,11;0,7
2015;12;8;"COMUNICACIONES";99,94;0,3
2015;12;9;"RECREACIÓN Y CULTURA";95,91;-0,2
2015;12;10;"EDUCACIÓN";88,63;0
2015;12;11;"RESTAURANTES Y HOTELES";89,73;0,2
2015;12;12;"BIENES Y SERVICIOS DIVERSOS";88,63;0,1
2016;1;1;"ALIMENTOS Y BEBIDAS NO ALCOHÓLICAS";93,22;-0,3
2016;1;2;"BEBIDAS ALCOHÓLICAS Y TABACO";89,53;2,4
2016;1;3;"VESTUARIO Y CALZADO";113,88;0,1
2016;1;4;"VIVIENDA Y SERVICIOS BÁSICOS";90,55;0,6
2016;1;5;"EQUIPAMIENTO Y MANTENCIÓN DEL HOGAR";96,44;0,2
2016;1;6;"SALUD";90,75;1,2
2016;1;7;"TRANSPORTE";98,33;-0,8
2016;1;8;"COMUNICACIONES";99,99;0
2016;1;9;"RECREACIÓN Y CULTURA";96,85;1
2016;1;10;"EDUCACIÓN";88,64;0
2016;1;11;"RESTAURANTES Y HOTELES";90,15;0,5
2016;1;12;"BIENES Y SERVICIOS DIVERSOS";92,16;4
2016;2;1;"ALIMENTOS Y BEBIDAS NO ALCOHÓLICAS";92,75;-0,5
2016;2;2;"BEBIDAS ALCOHÓLICAS Y TABACO";90,38;1
2016;2;3;"VESTUARIO Y CALZADO";115,98;1,8
2016;2;4;"VIVIENDA Y SERVICIOS BÁSICOS";92,08;1,7
2016;2;5;"EQUIPAMIENTO Y MANTENCIÓN DEL HOGAR";97,18;0,8
2016;2;6;"SALUD";90,89;0,2
2016;2;7;"TRANSPORTE";97,79;-0,5
2016;2;8;"COMUNICACIONES";99,83;-0,2
2016;2;9;"RECREACIÓN Y CULTURA";96,77;-0,1
2016;2;10;"EDUCACIÓN";88,7;0,1
2016;2;11;"RESTAURANTES Y HOTELES";90,7;0,6
2016;2;12;"BIENES Y SERVICIOS DIVERSOS";92,5;0,4
2016;3;1;"ALIMENTOS Y BEBIDAS NO ALCOHÓLICAS";92,97;0,2
2016;3;2;"BEBIDAS ALCOHÓLICAS Y TABACO";90,42;0
2016;3;3;"VESTUARIO Y CALZADO";116,3;0,3
2016;3;4;"VIVIENDA Y SERVICIOS BÁSICOS";92,42;0,4
2016;3;5;"EQUIPAMIENTO Y MANTENCIÓN DEL HOGAR";97,52;0,4
2016;3;6;"SALUD";90,93;0
2016;3;7;"TRANSPORTE";96,52;-1,3
2016;3;8;"COMUNICACIONES";99,81;0
2016;3;9;"RECREACIÓN Y CULTURA";96,47;-0,3
2016;3;10;"EDUCACIÓN";92,89;4,7
2016;3;11;"RESTAURANTES Y HOTELES";91,2;0,6
2016;3;12;"BIENES Y SERVICIOS DIVERSOS";92,85;0,4
2016;4;1;"ALIMENTOS Y BEBIDAS NO ALCOHÓLICAS";93,08;0,1
2016;4;2;"BEBIDAS ALCOHÓLICAS Y TABACO";90,48;0,1
2016;4;3;"VESTUARIO Y CALZADO";116,03;-0,2
2016;4;4;"VIVIENDA Y SERVICIOS BÁSICOS";92,78;0,4
2016;4;5;"EQUIPAMIENTO Y MANTENCIÓN DEL HOGAR";98,02;0,5
2016;4;6;"SALUD";92,34;1,6
2016;4;7;"TRANSPORTE";96,48;0
2016;4;8;"COMUNICACIONES";99,96;0,2
2016;4;9;"RECREACIÓN Y CULTURA";96,95;0,5
2016;4;10;"EDUCACIÓN";92,89;0
2016;4;11;"RESTAURANTES Y HOTELES";91,59;0,4
2016;4;12;"BIENES Y SERVICIOS DIVERSOS";93,63;0,8
2016;5;1;"ALIMENTOS Y BEBIDAS NO ALCOHÓLICAS";94,02;1
2016;5;2;"BEBIDAS ALCOHÓLICAS Y TABACO";90,38;-0,1
2016;5;3;"VESTUARIO Y CALZADO";115,54;-0,4
2016;5;4;"VIVIENDA Y SERVICIOS BÁSICOS";92,86;0,1
2016;5;5;"EQUIPAMIENTO Y MANTENCIÓN DEL HOGAR";98,23;0,2
2016;5;6;"SALUD";92,11;-0,2
2016;5;7;"TRANSPORTE";96,65;0,2
2016;5;8;"COMUNICACIONES";99,87;-0,1
2016;5;9;"RECREACIÓN Y CULTURA";96,38;-0,6
2016;5;10;"EDUCACIÓN";92,93;0
2016;5;11;"RESTAURANTES Y HOTELES";91,86;0,3
2016;5;12;"BIENES Y SERVICIOS DIVERSOS";94,03;0,4
2016;6;1;"ALIMENTOS Y BEBIDAS NO ALCOHÓLICAS";94,61;0,6
2016;6;2;"BEBIDAS ALCOHÓLICAS Y TABACO";90,82;0,5
2016;6;3;"VESTUARIO Y CALZADO";113,16;-2,1
2016;6;4;"VIVIENDA Y SERVICIOS BÁSICOS";93,3;0,5
2016;6;5;"EQUIPAMIENTO Y MANTENCIÓN DEL HOGAR";98,19;0
2016;6;6;"SALUD";92,86;0,8
2016;6;7;"TRANSPORTE";98,04;1,4
2016;6;8;"COMUNICACIONES";99,78;-0,1
2016;6;9;"RECREACIÓN Y CULTURA";96,81;0,4
2016;6;10;"EDUCACIÓN";92,95;0
2016;6;11;"RESTAURANTES Y HOTELES";92,24;0,4
2016;6;12;"BIENES Y SERVICIOS DIVERSOS";94,31;0,3
2016;7;1;"ALIMENTOS Y BEBIDAS NO ALCOHÓLICAS";95,58;1
2016;7;2;"BEBIDAS ALCOHÓLICAS Y TABACO";91,61;0,9
2016;7;3;"VESTUARIO Y CALZADO";112,78;-0,3
2016;7;4;"VIVIENDA Y SERVICIOS BÁSICOS";93,42;0,1
2016;7;5;"EQUIPAMIENTO Y MANTENCIÓN DEL HOGAR";98,18;0
2016;7;6;"SALUD";93,18;0,3
2016;7;7;"TRANSPORTE";97,49;-0,6
2016;7;8;"COMUNICACIONES";99,7;-0,1
2016;7;9;"RECREACIÓN Y CULTURA";96,73;-0,1
2016;7;10;"EDUCACIÓN";92,97;0
2016;7;11;"RESTAURANTES Y HOTELES";92,55;0,3
2016;7;12;"BIENES Y SERVICIOS DIVERSOS";94,86;0,6
2016;8;1;"ALIMENTOS Y BEBIDAS NO ALCOHÓLICAS";96,36;0,8
2016;8;2;"BEBIDAS ALCOHÓLICAS Y TABACO";91,7;0,1
2016;8;3;"VESTUARIO Y CALZADO";114,43;1,5
2016;8;4;"VIVIENDA Y SERVICIOS BÁSICOS";93,13;-0,3
2016;8;5;"EQUIPAMIENTO Y MANTENCIÓN DEL HOGAR";98,2;0
2016;8;6;"SALUD";93,75;0,6
2016;8;7;"TRANSPORTE";96,08;-1,4
2016;8;8;"COMUNICACIONES";99,72;0
2016;8;9;"RECREACIÓN Y CULTURA";96,82;0,1
2016;8;10;"EDUCACIÓN";92,97;0
2016;8;11;"RESTAURANTES Y HOTELES";92,89;0,4
2016;8;12;"BIENES Y SERVICIOS DIVERSOS";94,9;0
2016;9;1;"ALIMENTOS Y BEBIDAS NO ALCOHÓLICAS";97,31;1
2016;9;2;"BEBIDAS ALCOHÓLICAS Y TABACO";91,54;-0,2
2016;9;3;"VESTUARIO Y CALZADO";113,85;-0,5
2016;9;4;"VIVIENDA Y SERVICIOS BÁSICOS";93,07;-0,1
2016;9;5;"EQUIPAMIENTO Y MANTENCIÓN DEL HOGAR";97,97;-0,2
2016;9;6;"SALUD";94,04;0,3
2016;9;7;"TRANSPORTE";96,55;0,5
2016;9;8;"COMUNICACIONES";99,75;0
2016;9;9;"RECREACIÓN Y CULTURA";96,21;-0,6
2016;9;10;"EDUCACIÓN";92,96;0
2016;9;11;"RESTAURANTES Y HOTELES";93,28;0,4
2016;9;12;"BIENES Y SERVICIOS DIVERSOS";95,24;0,4
2016;10;1;"ALIMENTOS Y BEBIDAS NO ALCOHÓLICAS";96,95;-0,4
2016;10;2;"BEBIDAS ALCOHÓLICAS Y TABACO";92,46;1
2016;10;3;"VESTUARIO Y CALZADO";113,05;-0,7
2016;10;4;"VIVIENDA Y SERVICIOS BÁSICOS";93,34;0,3
2016;10;5;"EQUIPAMIENTO Y MANTENCIÓN DEL HOGAR";98,07;0,1
2016;10;6;"SALUD";94,28;0,3
2016;10;7;"TRANSPORTE";97,56;1
2016;10;8;"COMUNICACIONES";99,44;-0,3
2016;10;9;"RECREACIÓN Y CULTURA";96,14;-0,1
2016;10;10;"EDUCACIÓN";92,97;0
2016;10;11;"RESTAURANTES Y HOTELES";93,62;0,4
2016;10;12;"BIENES Y SERVICIOS DIVERSOS";95,54;0,3
2016;11;1;"ALIMENTOS Y BEBIDAS NO ALCOHÓLICAS";96,91;0
2016;11;2;"BEBIDAS ALCOHÓLICAS Y TABACO";92,19;-0,3
2016;11;3;"VESTUARIO Y CALZADO";111,89;-1
2016;11;4;"VIVIENDA Y SERVICIOS BÁSICOS";93,77;0,5
2016;11;5;"EQUIPAMIENTO Y MANTENCIÓN DEL HOGAR";98,17;0,1
2016;11;6;"SALUD";94,14;-0,2
2016;11;7;"TRANSPORTE";97,43;-0,1
2016;11;8;"COMUNICACIONES";99,34;-0,1
2016;11;9;"RECREACIÓN Y CULTURA";96,32;0,2
2016;11;10;"EDUCACIÓN";92,96;0
2016;11;11;"RESTAURANTES Y HOTELES";94,08;0,5
2016;11;12;"BIENES Y SERVICIOS DIVERSOS";95,95;0,4
2016;12;1;"ALIMENTOS Y BEBIDAS NO ALCOHÓLICAS";95,59;-1,4
2016;12;2;"BEBIDAS ALCOHÓLICAS Y TABACO";91,62;-0,6
2016;12;3;"VESTUARIO Y CALZADO";110,88;-0,9
2016;12;4;"VIVIENDA Y SERVICIOS BÁSICOS";93,87;0,1
2016;12;5;"EQUIPAMIENTO Y MANTENCIÓN DEL HOGAR";98,15;0
2016;12;6;"SALUD";94,13;0
2016;12;7;"TRANSPORTE";98,66;1,3
2016;12;8;"COMUNICACIONES";99,07;-0,3
2016;12;9;"RECREACIÓN Y CULTURA";95,56;-0,8
2016;12;10;"EDUCACIÓN";92,96;0
2016;12;11;"RESTAURANTES Y HOTELES";94,64;0,6
2016;12;12;"BIENES Y SERVICIOS DIVERSOS";95,64;-0,3
2017;1;1;"ALIMENTOS Y BEBIDAS NO ALCOHÓLICAS";95,51;-0,1
2017;1;2;"BEBIDAS ALCOHÓLICAS Y TABACO";94,94;3,6
2017;1;3;"VESTUARIO Y CALZADO";110,57;-0,3
2017;1;4;"VIVIENDA Y SERVICIOS BÁSICOS";94,58;0,8
2017;1;5;"EQUIPAMIENTO Y MANTENCIÓN DEL HOGAR";98,4;0,3
2017;1;6;"SALUD";95,01;0,9
2017;1;7;"TRANSPORTE";99,54;0,9
2017;1;8;"COMUNICACIONES";99,37;0,3
2017;1;9;"RECREACIÓN Y CULTURA";96,34;0,8
2017;1;10;"EDUCACIÓN";92,98;0
2017;1;11;"RESTAURANTES Y HOTELES";95,08;0,5
2017;1;12;"BIENES Y SERVICIOS DIVERSOS";96,06;0,4
2017;2;1;"ALIMENTOS Y BEBIDAS NO ALCOHÓLICAS";95,95;0,5
2017;2;2;"BEBIDAS ALCOHÓLICAS Y TABACO";95,38;0,5
2017;2;3;"VESTUARIO Y CALZADO";111,32;0,7
2017;2;4;"VIVIENDA Y SERVICIOS BÁSICOS";95,26;0,7
2017;2;5;"EQUIPAMIENTO Y MANTENCIÓN DEL HOGAR";98,88;0,5
2017;2;6;"SALUD";95,31;0,3
2017;2;7;"TRANSPORTE";99,8;0,3
2017;2;8;"COMUNICACIONES";99,21;-0,2
2017;2;9;"RECREACIÓN Y CULTURA";94,45;-2
2017;2;10;"EDUCACIÓN";93,01;0
2017;2;11;"RESTAURANTES Y HOTELES";95,34;0,3
2017;2;12;"BIENES Y SERVICIOS DIVERSOS";96,31;0,3
2017;3;1;"ALIMENTOS Y BEBIDAS NO ALCOHÓLICAS";96,45;0,5
2017;3;2;"BEBIDAS ALCOHÓLICAS Y TABACO";95,33;0
2017;3;3;"VESTUARIO Y CALZADO";111,11;-0,2
2017;3;4;"VIVIENDA Y SERVICIOS BÁSICOS";95,56;0,3
2017;3;5;"EQUIPAMIENTO Y MANTENCIÓN DEL HOGAR";98,76;-0,1
2017;3;6;"SALUD";95,42;0,1
2017;3;7;"TRANSPORTE";98,56;-1,2
2017;3;8;"COMUNICACIONES";99,22;0
2017;3;9;"RECREACIÓN Y CULTURA";95,05;0,6
2017;3;10;"EDUCACIÓN";96,97;4,3
2017;3;11;"RESTAURANTES Y HOTELES";95,7;0,4
2017;3;12;"BIENES Y SERVICIOS DIVERSOS";96,37;0,1
2017;4;1;"ALIMENTOS Y BEBIDAS NO ALCOHÓLICAS";96,97;0,5
2017;4;2;"BEBIDAS ALCOHÓLICAS Y TABACO";95,73;0,4
2017;4;3;"VESTUARIO Y CALZADO";110,13;-0,9
2017;4;4;"VIVIENDA Y SERVICIOS BÁSICOS";95,68;0,1
2017;4;5;"EQUIPAMIENTO Y MANTENCIÓN DEL HOGAR";99,33;0,6
2017;4;6;"SALUD";96,59;1,2
2017;4;7;"TRANSPORTE";98,51;-0,1
2017;4;8;"COMUNICACIONES";98,99;-0,2
2017;4;9;"RECREACIÓN Y CULTURA";95,06;0
2017;4;10;"EDUCACIÓN";96,97;0
2017;4;11;"RESTAURANTES Y HOTELES";96;0,3
2017;4;12;"BIENES Y SERVICIOS DIVERSOS";96,45;0,1
2017;5;1;"ALIMENTOS Y BEBIDAS NO ALCOHÓLICAS";96,48;-0,5
2017;5;2;"BEBIDAS ALCOHÓLICAS Y TABACO";96,24;0,5
2017;5;3;"VESTUARIO Y CALZADO";108,94;-1,1
2017;5;4;"VIVIENDA Y SERVICIOS BÁSICOS";96,22;0,6
2017;5;5;"EQUIPAMIENTO Y MANTENCIÓN DEL HOGAR";99,39;0,1
2017;5;6;"SALUD";96,53;-0,1
2017;5;7;"TRANSPORTE";97,96;-0,6
2017;5;8;"COMUNICACIONES";99,05;0,1
2017;5;9;"RECREACIÓN Y CULTURA";98,25;3,4
2017;5;10;"EDUCACIÓN";97,02;0
2017;5;11;"RESTAURANTES Y HOTELES";96,09;0,1
2017;5;12;"BIENES Y SERVICIOS DIVERSOS";96,77;0,3
2017;6;1;"ALIMENTOS Y BEBIDAS NO ALCOHÓLICAS";95,86;-0,6
2017;6;2;"BEBIDAS ALCOHÓLICAS Y TABACO";96,34;0,1
2017;6;3;"VESTUARIO Y CALZADO";106,98;-1,8
2017;6;4;"VIVIENDA Y SERVICIOS BÁSICOS";96,07;-0,2
2017;6;5;"EQUIPAMIENTO Y MANTENCIÓN DEL HOGAR";99,13;-0,3
2017;6;6;"SALUD";96,59;0,1
2017;6;7;"TRANSPORTE";97,85;-0,1
2017;6;8;"COMUNICACIONES";99,04;0
2017;6;9;"RECREACIÓN Y CULTURA";95,65;-2,6
2017;6;10;"EDUCACIÓN";97,02;0
2017;6;11;"RESTAURANTES Y HOTELES";96,29;0,2
2017;6;12;"BIENES Y SERVICIOS DIVERSOS";96,76;0
2017;7;1;"ALIMENTOS Y BEBIDAS NO ALCOHÓLICAS";96,5;0,7
2017;7;2;"BEBIDAS ALCOHÓLICAS Y TABACO";96,73;0,4
2017;7;3;"VESTUARIO Y CALZADO";107,04;0
2017;7;4;"VIVIENDA Y SERVICIOS BÁSICOS";96,25;0,2
2017;7;5;"EQUIPAMIENTO Y MANTENCIÓN DEL HOGAR";98,87;-0,3
2017;7;6;"SALUD";96,93;0,3
2017;7;7;"TRANSPORTE";97,78;-0,1
2017;7;8;"COMUNICACIONES";98,83;-0,2
2017;7;9;"RECREACIÓN Y CULTURA";95,94;0,3
2017;7;10;"EDUCACIÓN";97;0
2017;7;11;"RESTAURANTES Y HOTELES";96,71;0,4
2017;7;12;"BIENES Y SERVICIOS DIVERSOS";97,26;0,5
2017;8;1;"ALIMENTOS Y BEBIDAS NO ALCOHÓLICAS";97,49;1
2017;8;2;"BEBIDAS ALCOHÓLICAS Y TABACO";97,63;0,9
2017;8;3;"VESTUARIO Y CALZADO";108,02;0,9
2017;8;4;"VIVIENDA Y SERVICIOS BÁSICOS";96,54;0,3
2017;8;5;"EQUIPAMIENTO Y MANTENCIÓN DEL HOGAR";98,94;0,1
2017;8;6;"SALUD";97,48;0,6
2017;8;7;"TRANSPORTE";97;-0,8
2017;8;8;"COMUNICACIONES";98,83;0
2017;8;9;"RECREACIÓN Y CULTURA";95,53;-0,4
2017;8;10;"EDUCACIÓN";97;0
2017;8;11;"RESTAURANTES Y HOTELES";96,89;0,2
2017;8;12;"BIENES Y SERVICIOS DIVERSOS";96,85;-0,4
2017;9;1;"ALIMENTOS Y BEBIDAS NO ALCOHÓLICAS";96,88;-0,6
2017;9;2;"BEBIDAS ALCOHÓLICAS Y TABACO";97,39;-0,2
2017;9;3;"VESTUARIO Y CALZADO";107,11;-0,8
2017;9;4;"VIVIENDA Y SERVICIOS BÁSICOS";96,19;-0,4
2017;9;5;"EQUIPAMIENTO Y MANTENCIÓN DEL HOGAR";98,86;-0,1
2017;9;6;"SALUD";97,24;-0,2
2017;9;7;"TRANSPORTE";97,57;0,6
2017;9;8;"COMUNICACIONES";98,94;0,1
2017;9;9;"RECREACIÓN Y CULTURA";95,03;-0,5
2017;9;10;"EDUCACIÓN";97,01;0
2017;9;11;"RESTAURANTES Y HOTELES";97,17;0,3
2017;9;12;"BIENES Y SERVICIOS DIVERSOS";97,12;0,3
2017;10;1;"ALIMENTOS Y BEBIDAS NO ALCOHÓLICAS";97,77;0,9
2017;10;2;"BEBIDAS ALCOHÓLICAS Y TABACO";98,2;0,8
2017;10;3;"VESTUARIO Y CALZADO";106,55;-0,5
2017;10;4;"VIVIENDA Y SERVICIOS BÁSICOS";97,41;1,3
2017;10;5;"EQUIPAMIENTO Y MANTENCIÓN DEL HOGAR";99,44;0,6
2017;10;6;"SALUD";97,67;0,4
2017;10;7;"TRANSPORTE";97,84;0,3
2017;10;8;"COMUNICACIONES";98,41;-0,5
2017;10;9;"RECREACIÓN Y CULTURA";96,17;1,2
2017;10;10;"EDUCACIÓN";97,02;0
2017;10;11;"RESTAURANTES Y HOTELES";97,88;0,7
2017;10;12;"BIENES Y SERVICIOS DIVERSOS";97,25;0,1
2017;11;1;"ALIMENTOS Y BEBIDAS NO ALCOHÓLICAS";98,46;0,7
2017;11;2;"BEBIDAS ALCOHÓLICAS Y TABACO";97,9;-0,3
2017;11;3;"VESTUARIO Y CALZADO";105,47;-1
2017;11;4;"VIVIENDA Y SERVICIOS BÁSICOS";97,52;0,1
2017;11;5;"EQUIPAMIENTO Y MANTENCIÓN DEL HOGAR";99,18;-0,3
2017;11;6;"SALUD";97,56;-0,1
2017;11;7;"TRANSPORTE";97,34;-0,5
2017;11;8;"COMUNICACIONES";98,15;-0,3
2017;11;9;"RECREACIÓN Y CULTURA";97,72;1,6
2017;11;10;"EDUCACIÓN";97,03;0
2017;11;11;"RESTAURANTES Y HOTELES";98,02;0,1
2017;11;12;"BIENES Y SERVICIOS DIVERSOS";96,89;-0,4
2017;12;1;"ALIMENTOS Y BEBIDAS NO ALCOHÓLICAS";97,94;-0,5
2017;12;2;"BEBIDAS ALCOHÓLICAS Y TABACO";97,86;0
2017;12;3;"VESTUARIO Y CALZADO";104,28;-1,1
2017;12;4;"VIVIENDA Y SERVICIOS BÁSICOS";97,68;0,2
2017;12;5;"EQUIPAMIENTO Y MANTENCIÓN DEL HOGAR";99,46;0,3
2017;12;6;"SALUD";97,52;0
2017;12;7;"TRANSPORTE";98,66;1,4
2017;12;8;"COMUNICACIONES";98,07;-0,1
2017;12;9;"RECREACIÓN Y CULTURA";97,64;-0,1
2017;12;10;"EDUCACIÓN";97,03;0
2017;12;11;"RESTAURANTES Y HOTELES";98,33;0,3
2017;12;12;"BIENES Y SERVICIOS DIVERSOS";97,73;0,9
2018;1;1;"ALIMENTOS Y BEBIDAS NO ALCOHÓLICAS";99,19;1,3
2018;1;2;"BEBIDAS ALCOHÓLICAS Y TABACO";99,33;1,5
2018;1;3;"VESTUARIO Y CALZADO";103,91;-0,4
2018;1;4;"VIVIENDA Y SERVICIOS BÁSICOS";98,51;0,9
2018;1;5;"EQUIPAMIENTO Y MANTENCIÓN DEL HOGAR";99,57;0,1
2018;1;6;"SALUD";98,41;0,9
2018;1;7;"TRANSPORTE";98,76;0,1
2018;1;8;"COMUNICACIONES";98,21;0,1
2018;1;9;"RECREACIÓN Y CULTURA";96,1;-1,6
2018;1;10;"EDUCACIÓN";97,06;0
2018;1;11;"RESTAURANTES Y HOTELES";98,72;0,4
2018;1;12;"BIENES Y SERVICIOS DIVERSOS";97,93;0,2
2018;2;1;"ALIMENTOS Y BEBIDAS NO ALCOHÓLICAS";98,59;-0,6
2018;2;2;"BEBIDAS ALCOHÓLICAS Y TABACO";99,44;0,1
2018;2;3;"VESTUARIO Y CALZADO";104,6;0,7
2018;2;4;"VIVIENDA Y SERVICIOS BÁSICOS";98,45;-0,1
2018;2;5;"EQUIPAMIENTO Y MANTENCIÓN DEL HOGAR";99,84;0,3
2018;2;6;"SALUD";98,74;0,3
2018;2;7;"TRANSPORTE";99,32;0,6
2018;2;8;"COMUNICACIONES";98,06;-0,2
2018;2;9;"RECREACIÓN Y CULTURA";95,79;-0,3
2018;2;10;"EDUCACIÓN";97,11;0,1
2018;2;11;"RESTAURANTES Y HOTELES";99,05;0,3
2018;2;12;"BIENES Y SERVICIOS DIVERSOS";98,41;0,5
2018;3;1;"ALIMENTOS Y BEBIDAS NO ALCOHÓLICAS";98,78;0,2
2018;3;2;"BEBIDAS ALCOHÓLICAS Y TABACO";99,48;0
2018;3;3;"VESTUARIO Y CALZADO";104,83;0,2
2018;3;4;"VIVIENDA Y SERVICIOS BÁSICOS";98,69;0,2
2018;3;5;"EQUIPAMIENTO Y MANTENCIÓN DEL HOGAR";99,23;-0,6
2018;3;6;"SALUD";98,84;0,1
2018;3;7;"TRANSPORTE";97,74;-1,6
2018;3;8;"COMUNICACIONES";98,07;0
2018;3;9;"RECREACIÓN Y CULTURA";95,84;0,1
2018;3;10;"EDUCACIÓN";100,79;3,8
2018;3;11;"RESTAURANTES Y HOTELES";99,5;0,5
2018;3;12;"BIENES Y SERVICIOS DIVERSOS";98,74;0,3
2018;4;1;"ALIMENTOS Y BEBIDAS NO ALCOHÓLICAS";99,2;0,4
2018;4;2;"BEBIDAS ALCOHÓLICAS Y TABACO";100,04;0,6
2018;4;3;"VESTUARIO Y CALZADO";104,44;-0,4
2018;4;4;"VIVIENDA Y SERVICIOS BÁSICOS";99,34;0,7
2018;4;5;"EQUIPAMIENTO Y MANTENCIÓN DEL HOGAR";99,68;0,5
2018;4;6;"SALUD";99,83;1
2018;4;7;"TRANSPORTE";97,77;0
2018;4;8;"COMUNICACIONES";98,1;0
2018;4;9;"RECREACIÓN Y CULTURA";95,56;-0,3
2018;4;10;"EDUCACIÓN";100,79;0
2018;4;11;"RESTAURANTES Y HOTELES";99,59;0,1
2018;4;12;"BIENES Y SERVICIOS DIVERSOS";99,14;0,4
2018;5;1;"ALIMENTOS Y BEBIDAS NO ALCOHÓLICAS";98,95;-0,3
2018;5;2;"BEBIDAS ALCOHÓLICAS Y TABACO";100,61;0,6
2018;5;3;"VESTUARIO Y CALZADO";103,53;-0,9
2018;5;4;"VIVIENDA Y SERVICIOS BÁSICOS";99,55;0,2
2018;5;5;"EQUIPAMIENTO Y MANTENCIÓN DEL HOGAR";100,05;0,4
2018;5;6;"SALUD";100,13;0,3
2018;5;7;"TRANSPORTE";98,41;0,7
2018;5;8;"COMUNICACIONES";98,05;0
2018;5;9;"RECREACIÓN Y CULTURA";97,46;2
2018;5;10;"EDUCACIÓN";100,85;0,1
2018;5;11;"RESTAURANTES Y HOTELES";99,64;0
2018;5;12;"BIENES Y SERVICIOS DIVERSOS";99,8;0,7
2018;6;1;"ALIMENTOS Y BEBIDAS NO ALCOHÓLICAS";99,31;0,4
2018;6;2;"BEBIDAS ALCOHÓLICAS Y TABACO";100,33;-0,3
2018;6;3;"VESTUARIO Y CALZADO";101,84;-1,6
2018;6;4;"VIVIENDA Y SERVICIOS BÁSICOS";100,22;0,7
2018;6;5;"EQUIPAMIENTO Y MANTENCIÓN DEL HOGAR";99,74;-0,3
2018;6;6;"SALUD";100,23;0,1
2018;6;7;"TRANSPORTE";99,1;0,7
2018;6;8;"COMUNICACIONES";97,84;-0,2
2018;6;9;"RECREACIÓN Y CULTURA";96,7;-0,8
2018;6;10;"EDUCACIÓN";100,85;0
2018;6;11;"RESTAURANTES Y HOTELES";99,82;0,2
2018;6;12;"BIENES Y SERVICIOS DIVERSOS";99,32;-0,5
2018;7;1;"ALIMENTOS Y BEBIDAS NO ALCOHÓLICAS";99,63;0,3
2018;7;2;"BEBIDAS ALCOHÓLICAS Y TABACO";100,74;0,4
2018;7;3;"VESTUARIO Y CALZADO";101,32;-0,5
2018;7;4;"VIVIENDA Y SERVICIOS BÁSICOS";100,49;0,3
2018;7;5;"EQUIPAMIENTO Y MANTENCIÓN DEL HOGAR";99,61;-0,1
2018;7;6;"SALUD";100,26;0
2018;7;7;"TRANSPORTE";100,32;1,2
2018;7;8;"COMUNICACIONES";97,94;0,1
2018;7;9;"RECREACIÓN Y CULTURA";97,27;0,6
2018;7;10;"EDUCACIÓN";100,85;0
2018;7;11;"RESTAURANTES Y HOTELES";100,32;0,5
2018;7;12;"BIENES Y SERVICIOS DIVERSOS";99,67;0,4
2018;8;1;"ALIMENTOS Y BEBIDAS NO ALCOHÓLICAS";100,09;0,5
2018;8;2;"BEBIDAS ALCOHÓLICAS Y TABACO";100,92;0,2
2018;8;3;"VESTUARIO Y CALZADO";101,88;0,6
2018;8;4;"VIVIENDA Y SERVICIOS BÁSICOS";101,13;0,6
2018;8;5;"EQUIPAMIENTO Y MANTENCIÓN DEL HOGAR";99,74;0,1
2018;8;6;"SALUD";100,22;0
2018;8;7;"TRANSPORTE";99,78;-0,5
2018;8;8;"COMUNICACIONES";98,29;0,4
2018;8;9;"RECREACIÓN Y CULTURA";96,76;-0,5
2018;8;10;"EDUCACIÓN";100,85;0
2018;8;11;"RESTAURANTES Y HOTELES";100,45;0,1
2018;8;12;"BIENES Y SERVICIOS DIVERSOS";100,15;0,5
2018;9;1;"ALIMENTOS Y BEBIDAS NO ALCOHÓLICAS";100,5;0,4
2018;9;2;"BEBIDAS ALCOHÓLICAS Y TABACO";100,31;-0,6
2018;9;3;"VESTUARIO Y CALZADO";101,42;-0,5
2018;9;4;"VIVIENDA Y SERVICIOS BÁSICOS";101,79;0,7
2018;9;5;"EQUIPAMIENTO Y MANTENCIÓN DEL HOGAR";99,69;-0,1
2018;9;6;"SALUD";100,34;0,1
2018;9;7;"TRANSPORTE";100,85;1,1
2018;9;8;"COMUNICACIONES";98,22;-0,1
2018;9;9;"RECREACIÓN Y CULTURA";97,42;0,7
2018;9;10;"EDUCACIÓN";100,94;0,1
2018;9;11;"RESTAURANTES Y HOTELES";100,54;0,1
2018;9;12;"BIENES Y SERVICIOS DIVERSOS";100,19;0
2018;10;1;"ALIMENTOS Y BEBIDAS NO ALCOHÓLICAS";101,19;0,7
2018;10;2;"BEBIDAS ALCOHÓLICAS Y TABACO";101,13;0,8
2018;10;3;"VESTUARIO Y CALZADO";100,91;-0,5
2018;10;4;"VIVIENDA Y SERVICIOS BÁSICOS";101,68;-0,1
2018;10;5;"EQUIPAMIENTO Y MANTENCIÓN DEL HOGAR";100,21;0,5
2018;10;6;"SALUD";100,55;0,2
2018;10;7;"TRANSPORTE";101,81;0,9
2018;10;8;"COMUNICACIONES";98,14;-0,1
2018;10;9;"RECREACIÓN Y CULTURA";98,05;0,6
2018;10;10;"EDUCACIÓN";100,94;0
2018;10;11;"RESTAURANTES Y HOTELES";101,04;0,5
2018;10;12;"BIENES Y SERVICIOS DIVERSOS";100,1;-0,1
2018;11;1;"ALIMENTOS Y BEBIDAS NO ALCOHÓLICAS";101,55;0,4
2018;11;2;"BEBIDAS ALCOHÓLICAS Y TABACO";100,99;-0,1
2018;11;3;"VESTUARIO Y CALZADO";100,03;-0,9
2018;11;4;"VIVIENDA Y SERVICIOS BÁSICOS";101,29;-0,4
2018;11;5;"EQUIPAMIENTO Y MANTENCIÓN DEL HOGAR";99,85;-0,4
2018;11;6;"SALUD";100,48;-0,1
2018;11;7;"TRANSPORTE";101,19;-0,6
2018;11;8;"COMUNICACIONES";97,85;-0,3
2018;11;9;"RECREACIÓN Y CULTURA";99,33;1,3
2018;11;10;"EDUCACIÓN";100,94;0
2018;11;11;"RESTAURANTES Y HOTELES";101,49;0,4
2018;11;12;"BIENES Y SERVICIOS DIVERSOS";100,54;0,4
2018;12;1;"ALIMENTOS Y BEBIDAS NO ALCOHÓLICAS";100,77;-0,8
2018;12;2;"BEBIDAS ALCOHÓLICAS Y TABACO";100,4;-0,6
2018;12;3;"VESTUARIO Y CALZADO";98,54;-1,5
2018;12;4;"VIVIENDA Y SERVICIOS BÁSICOS";101,36;0,1
2018;12;5;"EQUIPAMIENTO Y MANTENCIÓN DEL HOGAR";99,86;0
2018;12;6;"SALUD";100,68;0,2
2018;12;7;"TRANSPORTE";101,1;-0,1
2018;12;8;"COMUNICACIONES";97,7;-0,2
2018;12;9;"RECREACIÓN Y CULTURA";100,83;1,5
2018;12;10;"EDUCACIÓN";100,94;0
2018;12;11;"RESTAURANTES Y HOTELES";101,47;0
2018;12;12;"BIENES Y SERVICIOS DIVERSOS";100,88;0,3
2019;1;1;"ALIMENTOS Y BEBIDAS NO ALCOHÓLICAS";100,5;-0,3
2019;1;2;"BEBIDAS ALCOHÓLICAS Y TABACO";102,07;1,7
2019;1;3;"VESTUARIO Y CALZADO";98,36;-0,2
2019;1;4;"VIVIENDA Y SERVICIOS BÁSICOS";101,71;0,3
2019;1;5;"EQUIPAMIENTO Y MANTENCIÓN DEL HOGAR";100,45;0,6
2019;1;6;"SALUD";100,89;0,2
2019;1;7;"TRANSPORTE";100,9;-0,2
2019;1;8;"COMUNICACIONES";97,59;-0,1
2019;1;9;"RECREACIÓN Y CULTURA";100,07;-0,8
2019;1;10;"EDUCACIÓN";100,9;0
2019;1;11;"RESTAURANTES Y HOTELES";101,96;0,5
2019;1;12;"BIENES Y SERVICIOS DIVERSOS";101,6;0,7
2019;2;1;"ALIMENTOS Y BEBIDAS NO ALCOHÓLICAS";100,25;-0,3
2019;2;2;"BEBIDAS ALCOHÓLICAS Y TABACO";102,27;0,2
2019;2;3;"VESTUARIO Y CALZADO";100,78;2,5
2019;2;4;"VIVIENDA Y SERVICIOS BÁSICOS";101,77;0,1
2019;2;5;"EQUIPAMIENTO Y MANTENCIÓN DEL HOGAR";100,67;0,2
2019;2;6;"SALUD";101,49;0,6
2019;2;7;"TRANSPORTE";100,58;-0,3
2019;2;8;"COMUNICACIONES";97,34;-0,3
2019;2;9;"RECREACIÓN Y CULTURA";99,82;-0,2
2019;2;10;"EDUCACIÓN";100,91;0
2019;2;11;"RESTAURANTES Y HOTELES";101,86;-0,1
2019;2;12;"BIENES Y SERVICIOS DIVERSOS";101,76;0,2
2019;3;1;"ALIMENTOS Y BEBIDAS NO ALCOHÓLICAS";101,08;0,8
2019;3;2;"BEBIDAS ALCOHÓLICAS Y TABACO";102,33;0,1
2019;3;3;"VESTUARIO Y CALZADO";100,59;-0,2
2019;3;4;"VIVIENDA Y SERVICIOS BÁSICOS";102,02;0,2
2019;3;5;"EQUIPAMIENTO Y MANTENCIÓN DEL HOGAR";100,81;0,1
2019;3;6;"SALUD";102,04;0,5
2019;3;7;"TRANSPORTE";99,44;-1,1
2019;3;8;"COMUNICACIONES";97,69;0,4
2019;3;9;"RECREACIÓN Y CULTURA";99,83;0
2019;3;10;"EDUCACIÓN";105,47;4,5
2019;3;11;"RESTAURANTES Y HOTELES";102,52;0,6
2019;3;12;"BIENES Y SERVICIOS DIVERSOS";102,16;0,4
2019;4;1;"ALIMENTOS Y BEBIDAS NO ALCOHÓLICAS";101,56;0,5
2019;4;2;"BEBIDAS ALCOHÓLICAS Y TABACO";102,1;-0,2
2019;4;3;"VESTUARIO Y CALZADO";100,04;-0,5
2019;4;4;"VIVIENDA Y SERVICIOS BÁSICOS";102,26;0,2
2019;4;5;"EQUIPAMIENTO Y MANTENCIÓN DEL HOGAR";101,32;0,5
2019;4;6;"SALUD";102,15;0,1
2019;4;7;"TRANSPORTE";100,03;0,6
2019;4;8;"COMUNICACIONES";97,59;-0,1
2019;4;9;"RECREACIÓN Y CULTURA";100,29;0,5
2019;4;10;"EDUCACIÓN";105,48;0
2019;4;11;"RESTAURANTES Y HOTELES";102,35;-0,2
2019;4;12;"BIENES Y SERVICIOS DIVERSOS";102,76;0,6
2019;5;1;"ALIMENTOS Y BEBIDAS NO ALCOHÓLICAS";101,55;0
2019;5;2;"BEBIDAS ALCOHÓLICAS Y TABACO";102,84;0,7
2019;5;3;"VESTUARIO Y CALZADO";99,64;-0,4
2019;5;4;"VIVIENDA Y SERVICIOS BÁSICOS";104,12;1,8
2019;5;5;"EQUIPAMIENTO Y MANTENCIÓN DEL HOGAR";101,32;0
2019;5;6;"SALUD";102,1;0
2019;5;7;"TRANSPORTE";101,03;1
2019;5;8;"COMUNICACIONES";97,5;-0,1
2019;5;9;"RECREACIÓN Y CULTURA";102,86;2,6
2019;5;10;"EDUCACIÓN";105,46;0
2019;5;11;"RESTAURANTES Y HOTELES";102,74;0,4
2019;5;12;"BIENES Y SERVICIOS DIVERSOS";102,82;0,1
2019;6;1;"ALIMENTOS Y BEBIDAS NO ALCOHÓLICAS";102,03;0,5
2019;6;2;"BEBIDAS ALCOHÓLICAS Y TABACO";102,75;-0,1
2019;6;3;"VESTUARIO Y CALZADO";99,14;-0,5
2019;6;4;"VIVIENDA Y SERVICIOS BÁSICOS";104,2;0,1
2019;6;5;"EQUIPAMIENTO Y MANTENCIÓN DEL HOGAR";101,09;-0,2
2019;6;6;"SALUD";102,14;0
2019;6;7;"TRANSPORTE";100,84;-0,2
2019;6;8;"COMUNICACIONES";97,2;-0,3
2019;6;9;"RECREACIÓN Y CULTURA";103,44;0,6
2019;6;10;"EDUCACIÓN";105,46;0
2019;6;11;"RESTAURANTES Y HOTELES";102,83;0,1
2019;6;12;"BIENES Y SERVICIOS DIVERSOS";102,4;-0,4
2019;7;1;"ALIMENTOS Y BEBIDAS NO ALCOHÓLICAS";102,26;0,2
2019;7;2;"BEBIDAS ALCOHÓLICAS Y TABACO";102,39;-0,4
2019;7;3;"VESTUARIO Y CALZADO";100,01;0,9
2019;7;4;"VIVIENDA Y SERVICIOS BÁSICOS";104,42;0,2
2019;7;5;"EQUIPAMIENTO Y MANTENCIÓN DEL HOGAR";101,77;0,7
2019;7;6;"SALUD";102,76;0,6
2019;7;7;"TRANSPORTE";101,43;0,6
2019;7;8;"COMUNICACIONES";96,91;-0,3
2019;7;9;"RECREACIÓN Y CULTURA";103,47;0
2019;7;10;"EDUCACIÓN";105,46;0
2019;7;11;"RESTAURANTES Y HOTELES";103,06;0,2
2019;7;12;"BIENES Y SERVICIOS DIVERSOS";101,76;-0,6
2019;8;1;"ALIMENTOS Y BEBIDAS NO ALCOHÓLICAS";102,95;0,7
2019;8;2;"BEBIDAS ALCOHÓLICAS Y TABACO";102,52;0,1
2019;8;3;"VESTUARIO Y CALZADO";100,66;0,6
2019;8;4;"VIVIENDA Y SERVICIOS BÁSICOS";104,31;-0,1
2019;8;5;"EQUIPAMIENTO Y MANTENCIÓN DEL HOGAR";102,03;0,3
2019;8;6;"SALUD";102,88;0,1
2019;8;7;"TRANSPORTE";101,51;0,1
2019;8;8;"COMUNICACIONES";95,4;-1,6
2019;8;9;"RECREACIÓN Y CULTURA";103,77;0,3
2019;8;10;"EDUCACIÓN";105,46;0
2019;8;11;"RESTAURANTES Y HOTELES";103,32;0,3
2019;8;12;"BIENES Y SERVICIOS DIVERSOS";102,78;1
2019;9;1;"ALIMENTOS Y BEBIDAS NO ALCOHÓLICAS";102,92;0
2019;9;2;"BEBIDAS ALCOHÓLICAS Y TABACO";103,62;1,1
2019;9;3;"VESTUARIO Y CALZADO";101,16;0,5
2019;9;4;"VIVIENDA Y SERVICIOS BÁSICOS";104,38;0,1
2019;9;5;"EQUIPAMIENTO Y MANTENCIÓN DEL HOGAR";101,62;-0,4
2019;9;6;"SALUD";103,02;0,1
2019;9;7;"TRANSPORTE";101,13;-0,4
2019;9;8;"COMUNICACIONES";95,1;-0,3
2019;9;9;"RECREACIÓN Y CULTURA";103,66;-0,1
2019;9;10;"EDUCACIÓN";105,51;0
2019;9;11;"RESTAURANTES Y HOTELES";103,5;0,2
2019;9;12;"BIENES Y SERVICIOS DIVERSOS";103,02;0,2
2019;10;1;"ALIMENTOS Y BEBIDAS NO ALCOHÓLICAS";103,77;0,8
2019;10;2;"BEBIDAS ALCOHÓLICAS Y TABACO";104,7;1
2019;10;3;"VESTUARIO Y CALZADO";101,72;0,5
2019;10;4;"VIVIENDA Y SERVICIOS BÁSICOS";105,92;1,5
2019;10;5;"EQUIPAMIENTO Y MANTENCIÓN DEL HOGAR";101,89;0,3
2019;10;6;"SALUD";103,12;0,1
2019;10;7;"TRANSPORTE";102,4;1,3
2019;10;8;"COMUNICACIONES";95;-0,1
2019;10;9;"RECREACIÓN Y CULTURA";105,68;2
2019;10;10;"EDUCACIÓN";105,54;0
2019;10;11;"RESTAURANTES Y HOTELES";104,14;0,6
2019;10;12;"BIENES Y SERVICIOS DIVERSOS";103,15;0,1
2019;11;1;"ALIMENTOS Y BEBIDAS NO ALCOHÓLICAS";105,11;1,3
2019;11;2;"BEBIDAS ALCOHÓLICAS Y TABACO";104,54;-0,2
2019;11;3;"VESTUARIO Y CALZADO";101,66;-0,1
2019;11;4;"VIVIENDA Y SERVICIOS BÁSICOS";105,12;-0,8
2019;11;5;"EQUIPAMIENTO Y MANTENCIÓN DEL HOGAR";102,34;0,4
2019;11;6;"SALUD";103,08;0
2019;11;7;"TRANSPORTE";101,83;-0,6
2019;11;8;"COMUNICACIONES";94,9;-0,1
2019;11;9;"RECREACIÓN Y CULTURA";106,22;0,5
2019;11;10;"EDUCACIÓN";105,54;0
2019;11;11;"RESTAURANTES Y HOTELES";103,75;-0,4
2019;11;12;"BIENES Y SERVICIOS DIVERSOS";103,21;0,1
2019;12;1;"ALIMENTOS Y BEBIDAS NO ALCOHÓLICAS";104,54;-0,5
2019;12;2;"BEBIDAS ALCOHÓLICAS Y TABACO";104,14;-0,4
2019;12;3;"VESTUARIO Y CALZADO";100,31;-1,3
2019;12;4;"VIVIENDA Y SERVICIOS BÁSICOS";105,74;0,6
2019;12;5;"EQUIPAMIENTO Y MANTENCIÓN DEL HOGAR";102,01;-0,3
2019;12;6;"SALUD";103,23;0,1
2019;12;7;"TRANSPORTE";103,59;1,7
2019;12;8;"COMUNICACIONES";94,54;-0,4
2019;12;9;"RECREACIÓN Y CULTURA";105,19;-1
2019;12;10;"EDUCACIÓN";105,54;0
2019;12;11;"RESTAURANTES Y HOTELES";104,28;0,5
2019;12;12;"BIENES Y SERVICIOS DIVERSOS";103,63;0,4
2020;1;1;"ALIMENTOS Y BEBIDAS NO ALCOHÓLICAS";105,62;1
2020;1;2;"BEBIDAS ALCOHÓLICAS Y TABACO";105,45;1,3
2020;1;3;"VESTUARIO Y CALZADO";97,93;-2,4
2020;1;4;"VIVIENDA Y SERVICIOS BÁSICOS";106,06;0,3
2020;1;5;"EQUIPAMIENTO Y MANTENCIÓN DEL HOGAR";102,98;1
2020;1;6;"SALUD";103,08;-0,1
2020;1;7;"TRANSPORTE";104,74;1,1
2020;1;8;"COMUNICACIONES";94,65;0,1
2020;1;9;"RECREACIÓN Y CULTURA";107,08;1,8
2020;1;10;"EDUCACIÓN";105,62;0,1
2020;1;11;"RESTAURANTES Y HOTELES";104,52;0,2
2020;1;12;"BIENES Y SERVICIOS DIVERSOS";103,55;-0,1
2020;2;1;"ALIMENTOS Y BEBIDAS NO ALCOHÓLICAS";106,39;0,7
2020;2;2;"BEBIDAS ALCOHÓLICAS Y TABACO";105,08;-0,4
2020;2;3;"VESTUARIO Y CALZADO";100,3;2,4
2020;2;4;"VIVIENDA Y SERVICIOS BÁSICOS";106,35;0,3
2020;2;5;"EQUIPAMIENTO Y MANTENCIÓN DEL HOGAR";103,61;0,6
2020;2;6;"SALUD";103,52;0,4
2020;2;7;"TRANSPORTE";106,05;1,3
2020;2;8;"COMUNICACIONES";94,56;-0,1
2020;2;9;"RECREACIÓN Y CULTURA";105,88;-1,1
2020;2;10;"EDUCACIÓN";105,82;0,2
2020;2;11;"RESTAURANTES Y HOTELES";105;0,5
2020;2;12;"BIENES Y SERVICIOS DIVERSOS";103,62;0,1
2020;3;1;"ALIMENTOS Y BEBIDAS NO ALCOHÓLICAS";107,21;0,8
2020;3;2;"BEBIDAS ALCOHÓLICAS Y TABACO";104,81;-0,3
2020;3;3;"VESTUARIO Y CALZADO";100,92;0,6
2020;3;4;"VIVIENDA Y SERVICIOS BÁSICOS";106,6;0,2
2020;3;5;"EQUIPAMIENTO Y MANTENCIÓN DEL HOGAR";104,05;0,4
2020;3;6;"SALUD";104,19;0,6
2020;3;7;"TRANSPORTE";105,12;-0,9
2020;3;8;"COMUNICACIONES";94,58;0
2020;3;9;"RECREACIÓN Y CULTURA";104,49;-1,3
2020;3;10;"EDUCACIÓN";109,55;3,5
2020;3;11;"RESTAURANTES Y HOTELES";105,39;0,4
2020;3;12;"BIENES Y SERVICIOS DIVERSOS";103,66;0
2020;4;1;"ALIMENTOS Y BEBIDAS NO ALCOHÓLICAS";108,28;1
2020;4;2;"BEBIDAS ALCOHÓLICAS Y TABACO";106,32;1,4
2020;4;3;"VESTUARIO Y CALZADO";97,65;-3,2
2020;4;4;"VIVIENDA Y SERVICIOS BÁSICOS";106,63;0
2020;4;5;"EQUIPAMIENTO Y MANTENCIÓN DEL HOGAR";104,02;0
2020;4;6;"SALUD";104,62;0,4
2020;4;7;"TRANSPORTE";104,23;-0,8
2020;4;8;"COMUNICACIONES";93,93;-0,7
2020;4;9;"RECREACIÓN Y CULTURA";104,45;0
2020;4;10;"EDUCACIÓN";109,09;-0,4
2020;4;11;"RESTAURANTES Y HOTELES";105,19;-0,2
2020;4;12;"BIENES Y SERVICIOS DIVERSOS";102,79;-0,8
2020;5;1;"ALIMENTOS Y BEBIDAS NO ALCOHÓLICAS";108,24;0
2020;5;2;"BEBIDAS ALCOHÓLICAS Y TABACO";106,05;-0,2
2020;5;3;"VESTUARIO Y CALZADO";96,91;-0,8
2020;5;4;"VIVIENDA Y SERVICIOS BÁSICOS";106,61;0
2020;5;5;"EQUIPAMIENTO Y MANTENCIÓN DEL HOGAR";104,57;0,5
2020;5;6;"SALUD";105,05;0,4
2020;5;7;"TRANSPORTE";103,59;-0,6
2020;5;8;"COMUNICACIONES";94,1;0,2
2020;5;9;"RECREACIÓN Y CULTURA";104,81;0,3
2020;5;10;"EDUCACIÓN";109,12;0
2020;5;11;"RESTAURANTES Y HOTELES";104,48;-0,7
2020;5;12;"BIENES Y SERVICIOS DIVERSOS";103,2;0,4
2020;6;1;"ALIMENTOS Y BEBIDAS NO ALCOHÓLICAS";108,57;0,3
2020;6;2;"BEBIDAS ALCOHÓLICAS Y TABACO";105,72;-0,3
2020;6;3;"VESTUARIO Y CALZADO";96,21;-0,7
2020;6;4;"VIVIENDA Y SERVICIOS BÁSICOS";106,78;0,2
2020;6;5;"EQUIPAMIENTO Y MANTENCIÓN DEL HOGAR";104,47;-0,1
2020;6;6;"SALUD";104,66;-0,4
2020;6;7;"TRANSPORTE";102,86;-0,7
2020;6;8;"COMUNICACIONES";93,69;-0,4
2020;6;9;"RECREACIÓN Y CULTURA";105,58;0,7
2020;6;10;"EDUCACIÓN";109,09;0
2020;6;11;"RESTAURANTES Y HOTELES";104,65;0,2
2020;6;12;"BIENES Y SERVICIOS DIVERSOS";102,65;-0,5
2020;7;1;"ALIMENTOS Y BEBIDAS NO ALCOHÓLICAS";109,2;0,6
2020;7;2;"BEBIDAS ALCOHÓLICAS Y TABACO";106,9;1,1
2020;7;3;"VESTUARIO Y CALZADO";95,92;-0,3
2020;7;4;"VIVIENDA Y SERVICIOS BÁSICOS";106,44;-0,3
2020;7;5;"EQUIPAMIENTO Y MANTENCIÓN DEL HOGAR";104,72;0,2
2020;7;6;"SALUD";105,19;0,5
2020;7;7;"TRANSPORTE";102,06;-0,8
2020;7;8;"COMUNICACIONES";93,51;-0,2
2020;7;9;"RECREACIÓN Y CULTURA";105,71;0,1
2020;7;10;"EDUCACIÓN";109,1;0
2020;7;11;"RESTAURANTES Y HOTELES";104,67;0
2020;7;12;"BIENES Y SERVICIOS DIVERSOS";103,37;0,7
2020;8;1;"ALIMENTOS Y BEBIDAS NO ALCOHÓLICAS";109,45;0,2
2020;8;2;"BEBIDAS ALCOHÓLICAS Y TABACO";107,51;0,6
2020;8;3;"VESTUARIO Y CALZADO";98,13;2,3
2020;8;4;"VIVIENDA Y SERVICIOS BÁSICOS";106,76;0,3
2020;8;5;"EQUIPAMIENTO Y MANTENCIÓN DEL HOGAR";105,06;0,3
2020;8;6;"SALUD";105,08;-0,1
2020;8;7;"TRANSPORTE";101,1;-0,9
2020;8;8;"COMUNICACIONES";93,57;0,1
2020;8;9;"RECREACIÓN Y CULTURA";106,06;0,3
2020;8;10;"EDUCACIÓN";109,4;0,3
2020;8;11;"RESTAURANTES Y HOTELES";104,5;-0,2
2020;8;12;"BIENES Y SERVICIOS DIVERSOS";103,6;0,2
2020;9;1;"ALIMENTOS Y BEBIDAS NO ALCOHÓLICAS";111,44;1,8
2020;9;2;"BEBIDAS ALCOHÓLICAS Y TABACO";107,03;-0,5
2020;9;3;"VESTUARIO Y CALZADO";99,77;1,7
2020;9;4;"VIVIENDA Y SERVICIOS BÁSICOS";106,83;0,1
2020;9;5;"EQUIPAMIENTO Y MANTENCIÓN DEL HOGAR";106,12;1
2020;9;6;"SALUD";105,34;0,3
2020;9;7;"TRANSPORTE";101,53;0,4
2020;9;8;"COMUNICACIONES";93,45;-0,1
2020;9;9;"RECREACIÓN Y CULTURA";106,81;0,7
2020;9;10;"EDUCACIÓN";109,41;0
2020;9;11;"RESTAURANTES Y HOTELES";104,79;0,3
2020;9;12;"BIENES Y SERVICIOS DIVERSOS";104,22;0,6
2020;10;1;"ALIMENTOS Y BEBIDAS NO ALCOHÓLICAS";112,09;0,6
2020;10;2;"BEBIDAS ALCOHÓLICAS Y TABACO";108,23;1,1
2020;10;3;"VESTUARIO Y CALZADO";103,33;3,6
2020;10;4;"VIVIENDA Y SERVICIOS BÁSICOS";107,56;0,7
2020;10;5;"EQUIPAMIENTO Y MANTENCIÓN DEL HOGAR";107,22;1
2020;10;6;"SALUD";105,27;-0,1
2020;10;7;"TRANSPORTE";101,83;0,3
2020;10;8;"COMUNICACIONES";93,4;-0,1
2020;10;9;"RECREACIÓN Y CULTURA";106,78;0
2020;10;10;"EDUCACIÓN";109,41;0
2020;10;11;"RESTAURANTES Y HOTELES";106,14;1,3
2020;10;12;"BIENES Y SERVICIOS DIVERSOS";106,58;2,3
2020;11;1;"ALIMENTOS Y BEBIDAS NO ALCOHÓLICAS";112,3;0,2
2020;11;2;"BEBIDAS ALCOHÓLICAS Y TABACO";107,86;-0,3
2020;11;3;"VESTUARIO Y CALZADO";98,28;-4,9
2020;11;4;"VIVIENDA Y SERVICIOS BÁSICOS";107,39;-0,2
2020;11;5;"EQUIPAMIENTO Y MANTENCIÓN DEL HOGAR";107,18;0
2020;11;6;"SALUD";105,31;0
2020;11;7;"TRANSPORTE";102,16;0,3
2020;11;8;"COMUNICACIONES";93,18;-0,2
2020;11;9;"RECREACIÓN Y CULTURA";107;0,2
2020;11;10;"EDUCACIÓN";109,25;-0,1
2020;11;11;"RESTAURANTES Y HOTELES";106,14;0
2020;11;12;"BIENES Y SERVICIOS DIVERSOS";106,56;0
2020;12;1;"ALIMENTOS Y BEBIDAS NO ALCOHÓLICAS";112,52;0,2
2020;12;2;"BEBIDAS ALCOHÓLICAS Y TABACO";106,71;-1,1
2020;12;3;"VESTUARIO Y CALZADO";101,92;3,7
2020;12;4;"VIVIENDA Y SERVICIOS BÁSICOS";107,58;0,2
2020;12;5;"EQUIPAMIENTO Y MANTENCIÓN DEL HOGAR";108,01;0,8
2020;12;6;"SALUD";105,71;0,4
2020;12;7;"TRANSPORTE";102,51;0,3
2020;12;8;"COMUNICACIONES";93,03;-0,2
2020;12;9;"RECREACIÓN Y CULTURA";107,52;0,5
2020;12;10;"EDUCACIÓN";109,22;0
2020;12;11;"RESTAURANTES Y HOTELES";106,39;0,2
2020;12;12;"BIENES Y SERVICIOS DIVERSOS";107,41;0,8
2021;1;1;"ALIMENTOS Y BEBIDAS NO ALCOHÓLICAS";113,88;1,2
2021;1;2;"BEBIDAS ALCOHÓLICAS Y TABACO";107,15;0,4
2021;1;3;"VESTUARIO Y CALZADO";101,01;-0,9
2021;1;4;"VIVIENDA Y SERVICIOS BÁSICOS";108,4;0,8
2021;1;5;"EQUIPAMIENTO Y MANTENCIÓN DEL HOGAR";108,7;0,6
2021;1;6;"SALUD";105,69;0
2021;1;7;"TRANSPORTE";103,74;1,2
2021;1;8;"COMUNICACIONES";92,97;-0,1
2021;1;9;"RECREACIÓN Y CULTURA";107,93;0,4
2021;1;10;"EDUCACIÓN";109,41;0,2
2021;1;11;"RESTAURANTES Y HOTELES";107,32;0,9
2021;1;12;"BIENES Y SERVICIOS DIVERSOS";108,89;1,4
2021;2;1;"ALIMENTOS Y BEBIDAS NO ALCOHÓLICAS";113,26;-0,5
2021;2;2;"BEBIDAS ALCOHÓLICAS Y TABACO";107,31;0,1
2021;2;3;"VESTUARIO Y CALZADO";102,33;1,3
2021;2;4;"VIVIENDA Y SERVICIOS BÁSICOS";109,11;0,7
2021;2;5;"EQUIPAMIENTO Y MANTENCIÓN DEL HOGAR";108,95;0,2
2021;2;6;"SALUD";105,93;0,2
2021;2;7;"TRANSPORTE";104,99;1,2
2021;2;8;"COMUNICACIONES";93,24;0,3
2021;2;9;"RECREACIÓN Y CULTURA";107,67;-0,2
2021;2;10;"EDUCACIÓN";109,17;-0,2
2021;2;11;"RESTAURANTES Y HOTELES";107,39;0,1
2021;2;12;"BIENES Y SERVICIOS DIVERSOS";108,42;-0,4
2021;3;1;"ALIMENTOS Y BEBIDAS NO ALCOHÓLICAS";112,81;-0,4
2021;3;2;"BEBIDAS ALCOHÓLICAS Y TABACO";107,55;0,2
2021;3;3;"VESTUARIO Y CALZADO";103,73;1,4
2021;3;4;"VIVIENDA Y SERVICIOS BÁSICOS";109,57;0,4
2021;3;5;"EQUIPAMIENTO Y MANTENCIÓN DEL HOGAR";109,09;0,1
2021;3;6;"SALUD";105,93;0
2021;3;7;"TRANSPORTE";105,95;0,9
2021;3;8;"COMUNICACIONES";93,03;-0,2
2021;3;9;"RECREACIÓN Y CULTURA";107,82;0,1
2021;3;10;"EDUCACIÓN";112,15;2,7
2021;3;11;"RESTAURANTES Y HOTELES";107,48;0,1
2021;3;12;"BIENES Y SERVICIOS DIVERSOS";108,9;0,4
2021;4;1;"ALIMENTOS Y BEBIDAS NO ALCOHÓLICAS";113,7;0,8
2021;4;2;"BEBIDAS ALCOHÓLICAS Y TABACO";107,9;0,3
2021;4;3;"VESTUARIO Y CALZADO";101,27;-2,4
2021;4;4;"VIVIENDA Y SERVICIOS BÁSICOS";109,98;0,4
2021;4;5;"EQUIPAMIENTO Y MANTENCIÓN DEL HOGAR";109,61;0,5
2021;4;6;"SALUD";106,33;0,4
2021;4;7;"TRANSPORTE";106,31;0,3
2021;4;8;"COMUNICACIONES";93,5;0,5
2021;4;9;"RECREACIÓN Y CULTURA";108,36;0,5
2021;4;10;"EDUCACIÓN";112,13;0
2021;4;11;"RESTAURANTES Y HOTELES";107,99;0,5
2021;4;12;"BIENES Y SERVICIOS DIVERSOS";109,7;0,7
2021;5;1;"ALIMENTOS Y BEBIDAS NO ALCOHÓLICAS";113,48;-0,2
2021;5;2;"BEBIDAS ALCOHÓLICAS Y TABACO";108,91;0,9
2021;5;3;"VESTUARIO Y CALZADO";100,75;-0,5
2021;5;4;"VIVIENDA Y SERVICIOS BÁSICOS";109,81;-0,2
2021;5;5;"EQUIPAMIENTO Y MANTENCIÓN DEL HOGAR";110,44;0,8
2021;5;6;"SALUD";106,75;0,4
2021;5;7;"TRANSPORTE";107,87;1,5
2021;5;8;"COMUNICACIONES";93,52;0
2021;5;9;"RECREACIÓN Y CULTURA";108,36;0
2021;5;10;"EDUCACIÓN";112,12;0
2021;5;11;"RESTAURANTES Y HOTELES";107,8;-0,2
2021;5;12;"BIENES Y SERVICIOS DIVERSOS";110,65;0,9
2021;6;1;"ALIMENTOS Y BEBIDAS NO ALCOHÓLICAS";113,53;0
2021;6;2;"BEBIDAS ALCOHÓLICAS Y TABACO";108,38;-0,5
2021;6;3;"VESTUARIO Y CALZADO";98,88;-1,9
2021;6;4;"VIVIENDA Y SERVICIOS BÁSICOS";110,49;0,6
2021;6;5;"EQUIPAMIENTO Y MANTENCIÓN DEL HOGAR";110,14;-0,3
2021;6;6;"SALUD";106,76;0
2021;6;7;"TRANSPORTE";108,9;1
2021;6;8;"COMUNICACIONES";93,47;-0,1
2021;6;9;"RECREACIÓN Y CULTURA";108,21;-0,1
2021;6;10;"EDUCACIÓN";112,12;0
2021;6;11;"RESTAURANTES Y HOTELES";107,88;0,1
2021;6;12;"BIENES Y SERVICIOS DIVERSOS";109,83;-0,7
2021;7;1;"ALIMENTOS Y BEBIDAS NO ALCOHÓLICAS";114,7;1
2021;7;2;"BEBIDAS ALCOHÓLICAS Y TABACO";109,27;0,8
2021;7;3;"VESTUARIO Y CALZADO";98,47;-0,4
2021;7;4;"VIVIENDA Y SERVICIOS BÁSICOS";111,1;0,5
2021;7;5;"EQUIPAMIENTO Y MANTENCIÓN DEL HOGAR";111,5;1,2
2021;7;6;"SALUD";107,27;0,5
2021;7;7;"TRANSPORTE";110,74;1,7
2021;7;8;"COMUNICACIONES";93,41;-0,1
2021;7;9;"RECREACIÓN Y CULTURA";109,05;0,8
2021;7;10;"EDUCACIÓN";112,12;0
2021;7;11;"RESTAURANTES Y HOTELES";108,96;1
2021;7;12;"BIENES Y SERVICIOS DIVERSOS";110,68;0,8
2021;8;1;"ALIMENTOS Y BEBIDAS NO ALCOHÓLICAS";114,79;0,1
2021;8;2;"BEBIDAS ALCOHÓLICAS Y TABACO";108,39;-0,8
2021;8;3;"VESTUARIO Y CALZADO";98,64;0,2
2021;8;4;"VIVIENDA Y SERVICIOS BÁSICOS";112,08;0,9
2021;8;5;"EQUIPAMIENTO Y MANTENCIÓN DEL HOGAR";111,59;0,1
2021;8;6;"SALUD";107,16;-0,1
2021;8;7;"TRANSPORTE";111,31;0,5
2021;8;8;"COMUNICACIONES";93,4;0
2021;8;9;"RECREACIÓN Y CULTURA";109,06;0
2021;8;10;"EDUCACIÓN";112,29;0,2
2021;8;11;"RESTAURANTES Y HOTELES";110,96;1,8
2021;8;12;"BIENES Y SERVICIOS DIVERSOS";111,8;1
2021;9;1;"ALIMENTOS Y BEBIDAS NO ALCOHÓLICAS";117,2;2,1
2021;9;2;"BEBIDAS ALCOHÓLICAS Y TABACO";108,7;0,3
2021;9;3;"VESTUARIO Y CALZADO";100,38;1,8
2021;9;4;"VIVIENDA Y SERVICIOS BÁSICOS";112,83;0,7
2021;9;5;"EQUIPAMIENTO Y MANTENCIÓN DEL HOGAR";112,58;0,9
2021;9;6;"SALUD";107,4;0,2
2021;9;7;"TRANSPORTE";114,3;2,7
2021;9;8;"COMUNICACIONES";93,52;0,1
2021;9;9;"RECREACIÓN Y CULTURA";109,72;0,6
2021;9;10;"EDUCACIÓN";112,31;0
2021;9;11;"RESTAURANTES Y HOTELES";112,04;1
2021;9;12;"BIENES Y SERVICIOS DIVERSOS";112,78;0,9
2021;10;1;"ALIMENTOS Y BEBIDAS NO ALCOHÓLICAS";118,03;0,7
2021;10;2;"BEBIDAS ALCOHÓLICAS Y TABACO";108,87;0,2
2021;10;3;"VESTUARIO Y CALZADO";97,11;-3,3
2021;10;4;"VIVIENDA Y SERVICIOS BÁSICOS";114,26;1,3
2021;10;5;"EQUIPAMIENTO Y MANTENCIÓN DEL HOGAR";111,31;-1,1
2021;10;6;"SALUD";107,8;0,4
2021;10;7;"TRANSPORTE";118,79;3,9
2021;10;8;"COMUNICACIONES";93,32;-0,2
2021;10;9;"RECREACIÓN Y CULTURA";118,26;7,8
2021;10;10;"EDUCACIÓN";112,31;0
2021;10;11;"RESTAURANTES Y HOTELES";114,55;2,2
2021;10;12;"BIENES Y SERVICIOS DIVERSOS";112,37;-0,4
2021;11;1;"ALIMENTOS Y BEBIDAS NO ALCOHÓLICAS";118,11;0,1
2021;11;2;"BEBIDAS ALCOHÓLICAS Y TABACO";108,38;-0,5
2021;11;3;"VESTUARIO Y CALZADO";99,71;2,7
2021;11;4;"VIVIENDA Y SERVICIOS BÁSICOS";114,72;0,4
2021;11;5;"EQUIPAMIENTO Y MANTENCIÓN DEL HOGAR";112,59;1,2
2021;11;6;"SALUD";107,79;0
2021;11;7;"TRANSPORTE";118,88;0,1
2021;11;8;"COMUNICACIONES";93,21;-0,1
2021;11;9;"RECREACIÓN Y CULTURA";121,39;2,7
2021;11;10;"EDUCACIÓN";112,27;0
2021;11;11;"RESTAURANTES Y HOTELES";115,7;1
2021;11;12;"BIENES Y SERVICIOS DIVERSOS";113,29;0,8
2021;12;1;"ALIMENTOS Y BEBIDAS NO ALCOHÓLICAS";118,71;0,5
2021;12;2;"BEBIDAS ALCOHÓLICAS Y TABACO";108,06;-0,3
2021;12;3;"VESTUARIO Y CALZADO";100,16;0,5
2021;12;4;"VIVIENDA Y SERVICIOS BÁSICOS";114,74;0
2021;12;5;"EQUIPAMIENTO Y MANTENCIÓN DEL HOGAR";113,77;1
2021;12;6;"SALUD";108,37;0,5
2021;12;7;"TRANSPORTE";121,93;2,6
2021;12;8;"COMUNICACIONES";92,98;-0,2
2021;12;9;"RECREACIÓN Y CULTURA";123,05;1,4
2021;12;10;"EDUCACIÓN";112,31;0
2021;12;11;"RESTAURANTES Y HOTELES";117,15;1,3
2021;12;12;"BIENES Y SERVICIOS DIVERSOS";114,32;0,9
2022;1;1;"ALIMENTOS Y BEBIDAS NO ALCOHÓLICAS";120,67;1,6
2022;1;2;"BEBIDAS ALCOHÓLICAS Y TABACO";110,03;1,8
2022;1;3;"VESTUARIO Y CALZADO";100,95;0,8
2022;1;4;"VIVIENDA Y SERVICIOS BÁSICOS";115,7;0,8
2022;1;5;"EQUIPAMIENTO Y MANTENCIÓN DEL HOGAR";114,27;0,4
2022;1;6;"SALUD";108,94;0,5
2022;1;7;"TRANSPORTE";125,38;2,8
2022;1;8;"COMUNICACIONES";93;0
2022;1;9;"RECREACIÓN Y CULTURA";123;0
2022;1;10;"EDUCACIÓN";112,39;0,1
2022;1;11;"RESTAURANTES Y HOTELES";119,12;1,7
2022;1;12;"BIENES Y SERVICIOS DIVERSOS";115,73;1,2
2022;2;1;"ALIMENTOS Y BEBIDAS NO ALCOHÓLICAS";122,81;1,8
2022;2;2;"BEBIDAS ALCOHÓLICAS Y TABACO";110,48;0,4
2022;2;3;"VESTUARIO Y CALZADO";101,72;0,8
2022;2;4;"VIVIENDA Y SERVICIOS BÁSICOS";116,7;0,9
2022;2;5;"EQUIPAMIENTO Y MANTENCIÓN DEL HOGAR";115;0,6
2022;2;6;"SALUD";109,18;0,2
2022;2;7;"TRANSPORTE";125,45;0,1
2022;2;8;"COMUNICACIONES";92,74;-0,3
2022;2;9;"RECREACIÓN Y CULTURA";116,59;-5,2
2022;2;10;"EDUCACIÓN";112,43;0
2022;2;11;"RESTAURANTES Y HOTELES";119,75;0,5
2022;2;12;"BIENES Y SERVICIOS DIVERSOS";116,58;0,7
2022;3;1;"ALIMENTOS Y BEBIDAS NO ALCOHÓLICAS";127,63;3,9
2022;3;2;"BEBIDAS ALCOHÓLICAS Y TABACO";113,67;2,9
2022;3;3;"VESTUARIO Y CALZADO";102,59;0,9
2022;3;4;"VIVIENDA Y SERVICIOS BÁSICOS";117,86;1
2022;3;5;"EQUIPAMIENTO Y MANTENCIÓN DEL HOGAR";116,14;1
2022;3;6;"SALUD";109,89;0,6
2022;3;7;"TRANSPORTE";127,63;1,7
2022;3;8;"COMUNICACIONES";88,94;-4,1
2022;3;9;"RECREACIÓN Y CULTURA";116,89;0,3
2022;3;10;"EDUCACIÓN";119,8;6,6
2022;3;11;"RESTAURANTES Y HOTELES";121,47;1,4
2022;3;12;"BIENES Y SERVICIOS DIVERSOS";117,44;0,7
2022;4;1;"ALIMENTOS Y BEBIDAS NO ALCOHÓLICAS";130,53;2,3
2022;4;2;"BEBIDAS ALCOHÓLICAS Y TABACO";113,78;0,1
2022;4;3;"VESTUARIO Y CALZADO";102,54;0
2022;4;4;"VIVIENDA Y SERVICIOS BÁSICOS";119,07;1
2022;4;5;"EQUIPAMIENTO Y MANTENCIÓN DEL HOGAR";117,1;0,8
2022;4;6;"SALUD";111,32;1,3
2022;4;7;"TRANSPORTE";129,1;1,2
2022;4;8;"COMUNICACIONES";89,35;0,5
2022;4;9;"RECREACIÓN Y CULTURA";120,32;2,9
2022;4;10;"EDUCACIÓN";119,8;0
2022;4;11;"RESTAURANTES Y HOTELES";123,89;2
2022;4;12;"BIENES Y SERVICIOS DIVERSOS";120,16;2,3
2022;5;1;"ALIMENTOS Y BEBIDAS NO ALCOHÓLICAS";132,93;1,8
2022;5;2;"BEBIDAS ALCOHÓLICAS Y TABACO";114,12;0,3
2022;5;3;"VESTUARIO Y CALZADO";102,24;-0,3
2022;5;4;"VIVIENDA Y SERVICIOS BÁSICOS";120,3;1
2022;5;5;"EQUIPAMIENTO Y MANTENCIÓN DEL HOGAR";117,75;0,6
2022;5;6;"SALUD";111,7;0,3
2022;5;7;"TRANSPORTE";131,96;2,2
2022;5;8;"COMUNICACIONES";89,09;-0,3
2022;5;9;"RECREACIÓN Y CULTURA";123,05;2,3
2022;5;10;"EDUCACIÓN";119,97;0,1
2022;5;11;"RESTAURANTES Y HOTELES";125,64;1,4
2022;5;12;"BIENES Y SERVICIOS DIVERSOS";121,15;0,8
2022;6;1;"ALIMENTOS Y BEBIDAS NO ALCOHÓLICAS";134,5;1,2
2022;6;2;"BEBIDAS ALCOHÓLICAS Y TABACO";113,99;-0,1
2022;6;3;"VESTUARIO Y CALZADO";100,94;-1,3
2022;6;4;"VIVIENDA Y SERVICIOS BÁSICOS";121,43;0,9
2022;6;5;"EQUIPAMIENTO Y MANTENCIÓN DEL HOGAR";117,47;-0,2
2022;6;6;"SALUD";112,21;0,5
2022;6;7;"TRANSPORTE";135,42;2,6
2022;6;8;"COMUNICACIONES";88,61;-0,5
2022;6;9;"RECREACIÓN Y CULTURA";124,83;1,4
2022;6;10;"EDUCACIÓN";119,97;0
2022;6;11;"RESTAURANTES Y HOTELES";127,83;1,7
2022;6;12;"BIENES Y SERVICIOS DIVERSOS";121,27;0,1
2022;7;1;"ALIMENTOS Y BEBIDAS NO ALCOHÓLICAS";137;1,9
2022;7;2;"BEBIDAS ALCOHÓLICAS Y TABACO";115,22;1,1
2022;7;3;"VESTUARIO Y CALZADO";98,18;-2,7
2022;7;4;"VIVIENDA Y SERVICIOS BÁSICOS";122,98;1,3
2022;7;5;"EQUIPAMIENTO Y MANTENCIÓN DEL HOGAR";117,93;0,4
2022;7;6;"SALUD";112,81;0,5
2022;7;7;"TRANSPORTE";140,01;3,4
2022;7;8;"COMUNICACIONES";88,65;0
2022;7;9;"RECREACIÓN Y CULTURA";126,92;1,7
2022;7;10;"EDUCACIÓN";119,97;0
2022;7;11;"RESTAURANTES Y HOTELES";129,27;1,1
2022;7;12;"BIENES Y SERVICIOS DIVERSOS";123,2;1,6
2022;8;1;"ALIMENTOS Y BEBIDAS NO ALCOHÓLICAS";139,72;2
2022;8;2;"BEBIDAS ALCOHÓLICAS Y TABACO";117,06;1,6
2022;8;3;"VESTUARIO Y CALZADO";100,16;2
2022;8;4;"VIVIENDA Y SERVICIOS BÁSICOS";124,15;0,9
2022;8;5;"EQUIPAMIENTO Y MANTENCIÓN DEL HOGAR";118,79;0,7
2022;8;6;"SALUD";113,44;0,6
2022;8;7;"TRANSPORTE";142,26;1,6
2022;8;8;"COMUNICACIONES";89,02;0,4
2022;8;9;"RECREACIÓN Y CULTURA";127,53;0,5
2022;8;10;"EDUCACIÓN";120,01;0
2022;8;11;"RESTAURANTES Y HOTELES";131,33;1,6
2022;8;12;"BIENES Y SERVICIOS DIVERSOS";124,25;0,8
2022;9;1;"ALIMENTOS Y BEBIDAS NO ALCOHÓLICAS";142,9;2,3
2022;9;2;"BEBIDAS ALCOHÓLICAS Y TABACO";117,92;0,7
2022;9;3;"VESTUARIO Y CALZADO";100,9;0,7
2022;9;4;"VIVIENDA Y SERVICIOS BÁSICOS";125,05;0,7
2022;9;5;"EQUIPAMIENTO Y MANTENCIÓN DEL HOGAR";121,05;1,9
2022;9;6;"SALUD";113,26;-0,2
2022;9;7;"TRANSPORTE";142;-0,2
2022;9;8;"COMUNICACIONES";89,97;1,1
2022;9;9;"RECREACIÓN Y CULTURA";127,02;-0,4
2022;9;10;"EDUCACIÓN";120,14;0,1
2022;9;11;"RESTAURANTES Y HOTELES";132,34;0,8
2022;9;12;"BIENES Y SERVICIOS DIVERSOS";125,82;1,3
2022;10;1;"ALIMENTOS Y BEBIDAS NO ALCOHÓLICAS";144;0,8
2022;10;2;"BEBIDAS ALCOHÓLICAS Y TABACO";120,68;2,3
2022;10;3;"VESTUARIO Y CALZADO";98,68;-2,2
2022;10;4;"VIVIENDA Y SERVICIOS BÁSICOS";125,79;0,6
2022;10;5;"EQUIPAMIENTO Y MANTENCIÓN DEL HOGAR";119,25;-1,5
2022;10;6;"SALUD";113,97;0,6
2022;10;7;"TRANSPORTE";143,16;0,8
2022;10;8;"COMUNICACIONES";89,84;-0,1
2022;10;9;"RECREACIÓN Y CULTURA";128,4;1,1
2022;10;10;"EDUCACIÓN";120,14;0
2022;10;11;"RESTAURANTES Y HOTELES";133,8;1,1
2022;10;12;"BIENES Y SERVICIOS DIVERSOS";126,06;0,2
2022;11;1;"ALIMENTOS Y BEBIDAS NO ALCOHÓLICAS";146,4;1,7
2022;11;2;"BEBIDAS ALCOHÓLICAS Y TABACO";123,51;2,3
2022;11;3;"VESTUARIO Y CALZADO";102,71;4,1
2022;11;4;"VIVIENDA Y SERVICIOS BÁSICOS";126,2;0,3
2022;11;5;"EQUIPAMIENTO Y MANTENCIÓN DEL HOGAR";121,06;1,5
2022;11;6;"SALUD";114,24;0,2
2022;11;7;"TRANSPORTE";145,09;1,3
2022;11;8;"COMUNICACIONES";87,99;-2,1
2022;11;9;"RECREACIÓN Y CULTURA";126,66;-1,4
2022;11;10;"EDUCACIÓN";120,18;0
2022;11;11;"RESTAURANTES Y HOTELES";135,57;1,3
2022;11;12;"BIENES Y SERVICIOS DIVERSOS";128,93;2,3
2022;12;1;"ALIMENTOS Y BEBIDAS NO ALCOHÓLICAS";148,05;1,1
2022;12;2;"BEBIDAS ALCOHÓLICAS Y TABACO";122,48;-0,8
2022;12;3;"VESTUARIO Y CALZADO";100,8;-1,9
2022;12;4;"VIVIENDA Y SERVICIOS BÁSICOS";125,79;-0,3
2022;12;5;"EQUIPAMIENTO Y MANTENCIÓN DEL HOGAR";121,43;0,3
2022;12;6;"SALUD";114,54;0,3
2022;12;7;"TRANSPORTE";144,29;-0,5
2022;12;8;"COMUNICACIONES";87,8;-0,2
2022;12;9;"RECREACIÓN Y CULTURA";129,35;2,1
2022;12;10;"EDUCACIÓN";120,18;0
2022;12;11;"RESTAURANTES Y HOTELES";136,45;0,6
2022;12;12;"BIENES Y SERVICIOS DIVERSOS";130,08;0,9
2023;1;1;"ALIMENTOS Y BEBIDAS NO ALCOHÓLICAS";149,56;1
2023;1;2;"BEBIDAS ALCOHÓLICAS Y TABACO";125,76;2,7
2023;1;3;"VESTUARIO Y CALZADO";103,27;2,4
2023;1;4;"VIVIENDA Y SERVICIOS BÁSICOS";126,04;0,2
2023;1;5;"EQUIPAMIENTO Y MANTENCIÓN DEL HOGAR";123,17;1,4
2023;1;6;"SALUD";116,2;1,4
2023;1;7;"TRANSPORTE";144,01;-0,2
2023;1;8;"COMUNICACIONES";87,91;0,1
2023;1;9;"RECREACIÓN Y CULTURA";130,05;0,5
2023;1;10;"EDUCACIÓN";120,23;0
2023;1;11;"RESTAURANTES Y HOTELES";137,74;0,9
2023;1;12;"BIENES Y SERVICIOS DIVERSOS";132,45;1,8
2023;2;1;"ALIMENTOS Y BEBIDAS NO ALCOHÓLICAS";149,13;-0,3
2023;2;2;"BEBIDAS ALCOHÓLICAS Y TABACO";126,69;0,7
2023;2;3;"VESTUARIO Y CALZADO";107,34;3,9
2023;2;4;"VIVIENDA Y SERVICIOS BÁSICOS";126,94;0,7
2023;2;5;"EQUIPAMIENTO Y MANTENCIÓN DEL HOGAR";123,85;0,6
2023;2;6;"SALUD";117,27;0,9
2023;2;7;"TRANSPORTE";140,09;-2,7
2023;2;8;"COMUNICACIONES";87,9;0
2023;2;9;"RECREACIÓN Y CULTURA";128,8;-1
2023;2;10;"EDUCACIÓN";120,23;0
2023;2;11;"RESTAURANTES Y HOTELES";139,36;1,2
2023;2;12;"BIENES Y SERVICIOS DIVERSOS";133,39;0,7
2023;3;1;"ALIMENTOS Y BEBIDAS NO ALCOHÓLICAS";149,78;0,4
2023;3;2;"BEBIDAS ALCOHÓLICAS Y TABACO";126,27;-0,3
2023;3;3;"VESTUARIO Y CALZADO";109,17;1,7
2023;3;4;"VIVIENDA Y SERVICIOS BÁSICOS";127,86;0,7
2023;3;5;"EQUIPAMIENTO Y MANTENCIÓN DEL HOGAR";124,43;0,5
2023;3;6;"SALUD";117,96;0,6
2023;3;7;"TRANSPORTE";139,13;-0,7
2023;3;8;"COMUNICACIONES";87,8;-0,1
2023;3;9;"RECREACIÓN Y CULTURA";131,63;2,2
2023;3;10;"EDUCACIÓN";133,23;10,8
2023;3;11;"RESTAURANTES Y HOTELES";140,07;0,5
2023;3;12;"BIENES Y SERVICIOS DIVERSOS";134,48;0,8
2023;4;1;"ALIMENTOS Y BEBIDAS NO ALCOHÓLICAS";149,81;0
2023;4;2;"BEBIDAS ALCOHÓLICAS Y TABACO";127,44;0,9
2023;4;3;"VESTUARIO Y CALZADO";108,95;-0,2
2023;4;4;"VIVIENDA Y SERVICIOS BÁSICOS";128,72;0,7
2023;4;5;"EQUIPAMIENTO Y MANTENCIÓN DEL HOGAR";125,33;0,7
2023;4;6;"SALUD";119,75;1,5
2023;4;7;"TRANSPORTE";140,17;0,8
2023;4;8;"COMUNICACIONES";87,66;-0,2
2023;4;9;"RECREACIÓN Y CULTURA";129,34;-1,7
2023;4;10;"EDUCACIÓN";133,22;0
2023;4;11;"RESTAURANTES Y HOTELES";140,41;0,2
2023;4;12;"BIENES Y SERVICIOS DIVERSOS";135,03;0,4
2023;5;1;"ALIMENTOS Y BEBIDAS NO ALCOHÓLICAS";149,84;0
2023;5;2;"BEBIDAS ALCOHÓLICAS Y TABACO";127,87;0,3
2023;5;3;"VESTUARIO Y CALZADO";110,16;1,1
2023;5;4;"VIVIENDA Y SERVICIOS BÁSICOS";128,94;0,2
2023;5;5;"EQUIPAMIENTO Y MANTENCIÓN DEL HOGAR";126,19;0,7
2023;5;6;"SALUD";120,46;0,6
2023;5;7;"TRANSPORTE";138,77;-1
2023;5;8;"COMUNICACIONES";87,51;-0,2
2023;5;9;"RECREACIÓN Y CULTURA";129,54;0,2
2023;5;10;"EDUCACIÓN";133,51;0,2
2023;5;11;"RESTAURANTES Y HOTELES";141,55;0,8
2023;5;12;"BIENES Y SERVICIOS DIVERSOS";135,43;0,3
2023;6;1;"ALIMENTOS Y BEBIDAS NO ALCOHÓLICAS";150,34;0,3
2023;6;2;"BEBIDAS ALCOHÓLICAS Y TABACO";128,21;0,3
2023;6;3;"VESTUARIO Y CALZADO";107,54;-2,4
2023;6;4;"VIVIENDA Y SERVICIOS BÁSICOS";128,77;-0,1
2023;6;5;"EQUIPAMIENTO Y MANTENCIÓN DEL HOGAR";125,32;-0,7
2023;6;6;"SALUD";120,72;0,2
2023;6;7;"TRANSPORTE";138,18;-0,4
2023;6;8;"COMUNICACIONES";87,21;-0,4
2023;6;9;"RECREACIÓN Y CULTURA";128,81;-0,6
2023;6;10;"EDUCACIÓN";133,51;0
2023;6;11;"RESTAURANTES Y HOTELES";142,17;0,4
2023;6;12;"BIENES Y SERVICIOS DIVERSOS";134,31;-0,8
2023;7;1;"ALIMENTOS Y BEBIDAS NO ALCOHÓLICAS";152,12;1,2
2023;7;2;"BEBIDAS ALCOHÓLICAS Y TABACO";129,65;1,1
2023;7;3;"VESTUARIO Y CALZADO";104,65;-2,7
2023;7;4;"VIVIENDA Y SERVICIOS BÁSICOS";128,59;-0,1
2023;7;5;"EQUIPAMIENTO Y MANTENCIÓN DEL HOGAR";124,43;-0,7
2023;7;6;"SALUD";121,09;0,3
2023;7;7;"TRANSPORTE";137,92;-0,2
2023;7;8;"COMUNICACIONES";86,89;-0,4
2023;7;9;"RECREACIÓN Y CULTURA";131,25;1,9
2023;7;10;"EDUCACIÓN";133,51;0
2023;7;11;"RESTAURANTES Y HOTELES";142,89;0,5
2023;7;12;"BIENES Y SERVICIOS DIVERSOS";135,3;0,7
2023;8;1;"ALIMENTOS Y BEBIDAS NO ALCOHÓLICAS";152,63;0,3
2023;8;2;"BEBIDAS ALCOHÓLICAS Y TABACO";129,85;0,1
2023;8;3;"VESTUARIO Y CALZADO";105,14;0,5
2023;8;4;"VIVIENDA Y SERVICIOS BÁSICOS";129,04;0,4
2023;8;5;"EQUIPAMIENTO Y MANTENCIÓN DEL HOGAR";124,05;-0,3
2023;8;6;"SALUD";121,45;0,3
2023;8;7;"TRANSPORTE";137,6;-0,2
2023;8;8;"COMUNICACIONES";86,8;-0,1
2023;8;9;"RECREACIÓN Y CULTURA";131,53;0,2
2023;8;10;"EDUCACIÓN";133,51;0
2023;8;11;"RESTAURANTES Y HOTELES";143,49;0,4
2023;8;12;"BIENES Y SERVICIOS DIVERSOS";134,2;-0,8
2023;9;1;"ALIMENTOS Y BEBIDAS NO ALCOHÓLICAS";154,22;1
2023;9;2;"BEBIDAS ALCOHÓLICAS Y TABACO";128,67;-0,9
2023;9;3;"VESTUARIO Y CALZADO";106,5;1,3
2023;9;4;"VIVIENDA Y SERVICIOS BÁSICOS";130,31;1
2023;9;5;"EQUIPAMIENTO Y MANTENCIÓN DEL HOGAR";124;0
2023;9;6;"SALUD";121,07;-0,3
2023;9;7;"TRANSPORTE";139,29;1,2
2023;9;8;"COMUNICACIONES";86,71;-0,1
2023;9;9;"RECREACIÓN Y CULTURA";133,65;1,6
2023;9;10;"EDUCACIÓN";133,4;-0,1
2023;9;11;"RESTAURANTES Y HOTELES";144,41;0,6
2023;9;12;"BIENES Y SERVICIOS DIVERSOS";134,78;0,4
2023;10;1;"ALIMENTOS Y BEBIDAS NO ALCOHÓLICAS";155,56;0,9
2023;10;2;"BEBIDAS ALCOHÓLICAS Y TABACO";131,81;2,4
2023;10;3;"VESTUARIO Y CALZADO";102,61;-3,7
2023;10;4;"VIVIENDA Y SERVICIOS BÁSICOS";131,57;1
2023;10;5;"EQUIPAMIENTO Y MANTENCIÓN DEL HOGAR";122;-1,6
2023;10;6;"SALUD";121,29;0,2
2023;10;7;"TRANSPORTE";139,89;0,4
2023;10;8;"COMUNICACIONES";86,62;-0,1
2023;10;9;"RECREACIÓN Y CULTURA";136,01;1,8
2023;10;10;"EDUCACIÓN";133,4;0
2023;10;11;"RESTAURANTES Y HOTELES";145,33;0,6
2023;10;12;"BIENES Y SERVICIOS DIVERSOS";133,88;-0,7
2023;11;1;"ALIMENTOS Y BEBIDAS NO ALCOHÓLICAS";157,12;1
2023;11;2;"BEBIDAS ALCOHÓLICAS Y TABACO";130,99;-0,6
2023;11;3;"VESTUARIO Y CALZADO";105,89;3,2
2023;11;4;"VIVIENDA Y SERVICIOS BÁSICOS";131,86;0,2
2023;11;5;"EQUIPAMIENTO Y MANTENCIÓN DEL HOGAR";123,5;1,2
2023;11;6;"SALUD";121,51;0,2
2023;11;7;"TRANSPORTE";141,69;1,3
2023;11;8;"COMUNICACIONES";87,22;0,7
2023;11;9;"RECREACIÓN Y CULTURA";137,85;1,4
2023;11;10;"EDUCACIÓN";133,39;0
2023;11;11;"RESTAURANTES Y HOTELES";145,69;0,3
2023;11;12;"BIENES Y SERVICIOS DIVERSOS";134,85;0,7
2023;12;1;"ALIMENTOS Y BEBIDAS NO ALCOHÓLICAS";155,81;-0,8
2023;12;2;"BEBIDAS ALCOHÓLICAS Y TABACO";130,44;-0,4
2023;12;3;"VESTUARIO Y CALZADO";104,71;-1,1
2023;12;4;"VIVIENDA Y SERVICIOS BÁSICOS";131,72;-0,1
2023;12;5;"EQUIPAMIENTO Y MANTENCIÓN DEL HOGAR";123,14;-0,3
2023;12;6;"SALUD";120,85;-0,5
2023;12;7;"TRANSPORTE";141,17;-0,4
2023;12;8;"COMUNICACIONES";87,13;-0,1
2023;12;9;"RECREACIÓN Y CULTURA";133,98;-2,8
2023;12;10;"EDUCACIÓN";133,39;0
2023;12;11;"RESTAURANTES Y HOTELES";146,82;0,8
2023;12;12;"BIENES Y SERVICIOS DIVERSOS";133,85;-0,7
